  0.868640907664984       0.260821907901345      -0.372405196836072     
 -0.448914747084466      -0.828053494651047       -1.84201368188514     
  0.121136780771926       -1.86632384651749       0.620380004468182     
  0.355637872471151       0.816010155412166        1.55429569603275     
   1.29811728960991       0.272626352019831        1.58792443892792     
   1.43456178723705      -5.143670309720932E-003   1.51737242687935     
  0.916139938444426        1.45069304765967        1.94803007103760     
   1.23926104406513        1.34971566022365        1.81627194493388     
   1.36559794902711       0.113232543786998      -0.703908300614389     
  -1.75608173049519       0.894053052125602        1.35403575157770     
  0.932593214928298       0.129598097719362        1.16089700120943     
   1.10553758343332       0.293754400880458       0.231798041890546     
   1.02363453183048        1.15555407521896        1.14051242020391     
   1.11054934955714       0.383524828087792        1.14041204175987     
   1.86554498955993        1.76344611810482       0.569900547506075     
  0.429745066065079      -0.617882775508432      -0.670634361139552     
  0.636741773203598        1.28727400107771        1.07894536466667     
  0.918553775356922        1.44709842771490        1.49222508086768     
 -0.587809197094060        1.65860337644426        1.44933226632884     
 -0.620426463012652       0.764845946546192        1.95503705433489     
   2.03494271414223        1.08731709620555       -1.29564197617773     
   1.53124756564146        2.02820810089860        1.53124750055217     
  -1.29564499992659        1.08731689982022        2.03494268388798     
   1.95503706792827       0.764846042241179      -0.620426582508892     
   1.44933218581291        1.65860328657071      -0.587810315907663     
   1.49222514872187        1.44709844146638       0.918553674437029     
   1.07894519201171        1.28727384245114       0.636741563116103     
 -0.670634759958400      -0.617881153577574       0.429745575125656     
  0.569900455720593        1.76344619287943        1.86554507258334     
   1.14041212125814       0.383524851273864        1.11054932830704     
   1.14051231775042        1.15555393234805        1.02363436792755     
  0.231797723021488       0.293754502056424        1.10553753420454     
   1.16089695683348       0.129598334548444       0.932592981619855     
   1.35403564132806       0.894053082803676       -1.75607775168378     
 -0.703909237600745       0.113232599103612        1.36559805259730     
   1.81627202216822        1.34971574600965        1.23926104389065     
   1.94803010561251        1.45069312810553       0.916139799409427     
   1.51737236366581      -5.143909981189047E-003   1.43456177065774     
   1.58792436252958       0.272625860509404        1.29811743409164     
   1.55429578781638       0.816010331504254       0.355637668884568     
  0.620379910322102       -1.86632208738162       0.121136950360266     
  -1.84201418702248      -0.828052442124332      -0.448915462953328     
 -0.372405344604967       0.260821813574425     
  0.260821925658716       -1.04308409134141       4.267964245820435E-002
 -0.612360217612628      -0.241049253736920      -0.844903816665335     
 -9.919872682659830E-002 -0.425612867270183       2.098901349638902E-002
  0.316777563929079       -1.35370389987806       0.549925130040061     
  0.413260746675289      -0.907789834508361       0.680596967923317     
  0.620187219635768      -0.660870359432684       0.954154421449331     
  0.697575885824055       0.409183135715664        1.17181734821200     
  0.312442413444973       0.782542988051254       0.884934159527471     
  -1.89742777359513       0.374216263636258       -2.51585412927472     
  5.298342847783226E-002  -1.55149314784887       0.360985327033270     
 -0.165803760167075      -0.336470519148645       6.368116408926271E-002
 -0.474877487077900       -1.93434422714842      -0.932004758285883     
 -0.409179661640467       -1.44405615139802       -1.20115895067163     
 -0.568564685216841       0.266361747745921       -5.91285992538281     
  0.751128785316749       0.602726776069130       4.651835473933862E-002
  0.688453688726075       -1.84644827284354       0.443288466737061     
  -1.57025261905600       0.441964469090871       -1.60465021514759     
  0.444455812538775      -0.395229481238958       0.900662390420900     
  -1.66529365445622        1.09832227446081       0.449627566135634     
  0.959862140340962       0.758718853656271       0.906451053434060     
   1.13262943339862       0.403499678688696        1.21079399681212     
 -0.461207742159532        1.25755317719766      -0.461208284067847     
   1.21079414036790       0.403500042642256        1.13262937072992     
  0.906451121319292       0.758718723981515       0.959862115406558     
  0.449627426545490        1.09832216487636       -1.66529110465946     
  0.900662479192751      -0.395229434377880       0.444455961734875     
  -1.60464715153976       0.441964143048433       -1.57025451214392     
  0.443288348034183       -1.84645394785073       0.688453997253138     
  4.651848204325995E-002  0.602727005393100       0.751129021490790     
  -5.91308362621373       0.266361728508196      -0.568564921948840     
  -1.20115772350126       -1.44405816404465      -0.409180322139326     
 -0.932005983356249       -1.93434190854637      -0.474877560333097     
  6.368108179628400E-002 -0.336470127768122      -0.165804490096348     
  0.360985038050596       -1.55149245901478       5.298296633795353E-002
  -2.51584736553836       0.374216241597261       -1.89743092008586     
  0.884934298561055       0.782543047257373       0.312442539792416     
   1.17181743921777       0.409183309379275       0.697575825986949     
  0.954154391946620      -0.660870496650003       0.620187173812484     
  0.680596825340985      -0.907790983016672       0.413260984825969     
  0.549925345884422       -1.35370170191404       0.316777277734881     
  2.098873057135103E-002 -0.425612455747083      -9.919845342275956E-002
 -0.844903989510054      -0.241048983417355      -0.612360693942425     
  4.267965454971503E-002  -1.04308462219553     
 -0.372405455939652       4.267947186760437E-002  0.181478210594623     
  -1.85028380796404       0.152373928719147       3.664314021601389E-002
  -1.22884209825339       0.121290955053230       6.118504072358965E-003
  -1.31736442613772       0.799598883794507        1.29613636201574     
   1.02809012487104       0.215278100673922        1.37359147566333     
   1.05608420373425       0.191325461874785        1.00511959235808     
  -1.43621651641169        1.23284306262254        1.46843371102384     
  0.916044550859516       0.375725044329017        1.44868293072214     
   1.59369374841105        1.16705276766931       -2.81557837589170     
  0.737473593870515       0.918765877995208       0.928505998393221     
  0.733010941807798       -2.23341425661937       0.997691491288213     
   1.15783186916008       0.281207491627782       0.227695379462563     
  0.814617518278161        1.12167083578130        1.38193853149195     
   1.18593217656959      -0.814352797167520        1.37403359264072     
   1.58660820895373        1.41611166166447        1.11654403662897     
  0.414335941732845       0.178528156872661       0.890992709082691     
  0.506596790761651       0.103846467987755        1.11809909597703     
   1.63869006085614        1.47133139621372       3.411473161469784E-002
  0.448692971417357       0.444643795130193       0.806857546479741     
   1.45570540022828        1.66231784483068        1.48171554634655     
   1.34417262260104        1.56794727208076        1.66353741392696     
   1.39111661119108        1.09297564376442        1.39111664197343     
   1.66353745909333        1.56794732232014        1.34417263263296     
   1.48171549572401        1.66231778862610        1.45570535761458     
  0.806857533360147       0.444643828709494       0.448693016566150     
  3.411465966707803E-002   1.47133139252954        1.63869007674007     
   1.11809915859027       0.103846683343916       0.506596843815030     
  0.890992647525856       0.178527848127983       0.414336147643522     
   1.11654405319839        1.41611163026000        1.58660818491082     
   1.37403358164132      -0.814352989200078        1.18593221178022     
   1.38193854566559        1.12167083066545       0.814617565083263     
  0.227695678938582       0.281207190180686        1.15783183132168     
  0.997691500786949       -2.23341617874960       0.733011102124211     
  0.928506084253706       0.918765834298723       0.737473452740158     
  -2.81557343064757        1.16705275257257        1.59369372382386     
   1.44868292573903       0.375725191836429       0.916044407750230     
   1.46843365161714        1.23284306986706       -1.43621839694940     
   1.00511946130479       0.191325243217321        1.05608424437485     
   1.37359148298886       0.215278026519599        1.02809016408558     
   1.29613633783466       0.799598700175685       -1.31736706206571     
  6.118900521607452E-003  0.121291142970339       -1.22884125551542     
  3.664292381461073E-002  0.152373786485728       -1.85028250098396     
  0.181478401735002       4.267968149358976E-002
 -0.448915253356704      -0.612360872902267       -1.85028511259721     
 -0.843742920470982      -0.491117103908575      -0.666484684524392     
 -0.861349467071155       -1.66378312584472       0.367798260985729     
  0.682589830755716       -1.61906772980204        1.22585270846372     
   1.28746042257019      -1.720939548311897E-002   1.60233208392369     
   1.32366998778345       0.895246536579070        1.69390658623426     
  0.974985555534443        1.24679922367871        1.65006321734354     
  0.819135238092394       0.957053402463220        1.36333292694344     
  0.782596704483950      -0.433520088597300       0.334645055640720     
 -0.639718676021969       -1.45096736351568       0.384821744237462     
  0.703495850153126       -2.34864976445135       0.956119573516098     
  0.957630197859347       -2.74316466548342       0.566376684468073     
 -0.352816956064384      -0.670805527017311       0.220563904634323     
   1.00936670073671       0.252784195917191       0.889133285890178     
   1.24807407349955       0.506009089222078      -0.126066499756600     
  0.252179319368699      -7.387535758176751E-002 -0.173089648243438     
  -1.99381477511376       0.166858536313932      -0.174280271239771     
  0.515692320046385        1.02716599211589      -7.751405078744518E-002
  0.817608068107443       0.869406655872847       -1.60356720699368     
  0.418781420744454       -1.07330270874787       0.780765184757951     
  0.434629334638470      -0.158036898381908       0.312599982064342     
 -0.787332621314682       0.448045858245499      -0.787332757094627     
  0.312599997110258      -0.158036901548548       0.434629272412944     
  0.780765083808471       -1.07330355682870       0.418781479938672     
  -1.60356739041432       0.869406671851869       0.817608085239904     
 -7.751417361304508E-002   1.02716593753578       0.515692245905703     
 -0.174280268783974       0.166858462144799       -1.99381418696729     
 -0.173089693754257      -7.387544206330854E-002  0.252179289079870     
 -0.126066562538513       0.506009205318974        1.24807415865723     
  0.889133389476605       0.252784144733585        1.00936669030410     
  0.220563688463530      -0.670804602926281      -0.352817162342132     
  0.566376861190717       -2.74315392097419       0.957630152978928     
  0.956119624265591       -2.34865096390199       0.703495908442757     
  0.384821838225104       -1.45096730069828      -0.639718707262844     
  0.334645130430438      -0.433519734094346       0.782596626053161     
   1.36333291352626       0.957053441638737       0.819135143348014     
   1.65006319629547        1.24679927207667       0.974985383505246     
   1.69390650299842       0.895246385985323        1.32367003491275     
   1.60233208071181      -1.720970643889765E-002   1.28746051587465     
   1.22585273267456       -1.61907041058676       0.682590108097718     
  0.367798466906899       -1.66378354723366      -0.861349173619331     
 -0.666484946410318      -0.491117695169963      -0.843744005366574     
  -1.85028190095451      -0.612360376863960     
 -0.828052912548213      -0.241048932280555       0.152374050067079     
 -0.491116972233820      -0.110879499457517       0.237438261831286     
  -1.05061761829037       0.606486649911891      -9.604346979792369E-002
  0.810816370743779        1.24648586554284       0.526692507179894     
  0.332389317344732       0.369584260997099      -0.135957247335707     
  0.237679411454176       0.271408226584193        1.09145948499865     
  0.737008389994940       -2.47588134949170       -1.49775586032944     
  0.597819551285511       0.444428756856466       0.623544233909671     
   1.53496213032981        1.52760493139877       0.460948146739928     
  0.942070476301970        1.31556033895875       0.833621898056623     
  -1.84016228802436       1.894741670207998E-002 -0.443870169814468     
  0.119208694813585       0.805466502405308       0.426366994855452     
  0.848280887431184        1.61369695941713        1.44791848118859     
 -0.326529136922107       0.751848235441852       0.797597876897794     
  0.953722535040121        1.43238756817998        1.50684608270855     
  0.670036053056670       0.514231267424441       0.693299419432359     
 -5.347933731756465E-003  0.789321441071983        1.51371504036608     
   1.52064198229821       0.684330985285888       -2.30370746838885     
  0.177603446323193      -6.536631402730934E-002   1.17194687192772     
   1.83778598305610        1.68294157213523       0.925092141577328     
   1.03765199244771        1.78013139365712        1.89817929532074     
   1.29782509350987       0.238888006681619        1.29782513996429     
   1.89817932280649        1.78013141571209        1.03765203579265     
  0.925092193672662        1.68294158063325        1.83778596676276     
   1.17194680515850      -6.536608125350810E-002  0.177603569282104     
  -2.30370422559843       0.684331157861965        1.52064204662019     
   1.51371506222671       0.789321379428514      -5.348163476355431E-003
  0.693299364719178       0.514231250813241       0.670036054357146     
   1.50684605961929        1.43238748425181       0.953722314110373     
  0.797597655367346       0.751848116316064      -0.326528766329608     
   1.44791857503057        1.61369704543851       0.848280937986364     
  0.426367230997770       0.805466682635245       0.119208770015201     
 -0.443870514735286       1.894729563037616E-002  -1.84016124452435     
  0.833621801198954        1.31556028078727       0.942070380292444     
  0.460948326245120        1.52760498211851        1.53496218464147     
  0.623544423344589       0.444428537308960       0.597819456026592     
  -1.49775606301685       -2.47588265135471       0.737008299062602     
   1.09145940848733       0.271408039831425       0.237679598312479     
 -0.135957079203155       0.369584344232601       0.332389535227471     
  0.526692448906074        1.24648595273226       0.810816586546428     
 -9.604368327628188E-002  0.606486806484589       -1.05061612396114     
  0.237438145764414      -0.110879250128191      -0.491117676726328     
  0.152373736881671      -0.241049220582734     
  -1.84201363276988      -0.844903741356757       3.664319272889947E-002
 -0.666484385334491       0.237438143790061       0.720588284499582     
 -0.339250067551806       0.780881281822250        1.11621218943110     
 -0.199580972098979        1.11056689919720        1.38220022370216     
  0.372125653533000        1.00667356908216        1.33411520629013     
  0.500350790287060       0.758327397664840        1.23426151048800     
  0.647057356198856       0.643609515238649        1.42085467385801     
   1.25596982806623       -1.23253482676122        1.34145569920951     
   1.47091804096175       0.788412850888264       0.100606382359835     
  0.933864726404734       0.939581025049268       0.613000030684882     
 -0.650729399327053       0.154474896405536       0.605212585317182     
  0.535573748268346       0.377157029165040      -3.163208105022712E-002
 -3.911638339006402E-002   1.10137525154292        1.21721246061037     
  0.339996001823050       0.341177737154125       0.745304848644322     
  0.742221896668812       0.968272336811434       0.810596481234237     
  3.736153679692070E-002   1.26701963625759       0.770934422909131     
  0.756869207165938       0.936554659441868       0.573211951410444     
   1.39036950187122       0.475491673836240       0.771402652487682     
  0.388358427023994       0.181399638693010       -1.90939228068456     
   1.12057181536484       0.907285469866021       0.299580248077121     
  0.564931088829504       0.712680215205430        1.14498417879306     
 -0.459508614374522        1.16026468125013      -0.459509045481895     
   1.14498425513035       0.712680284447980       0.564931042030836     
  0.299580162705745       0.907285496797219        1.12057178408284     
  -1.90939466073899       0.181399803908236       0.388358382155641     
  0.771402593850921       0.475491907290070        1.39036960118156     
  0.573212045876932       0.936554748633453       0.756869374341652     
  0.770934353261412        1.26701965595319       3.736167019690647E-002
  0.810596417188323       0.968272223010127       0.742221669260358     
  0.745304649657770       0.341177567024442       0.339996143809864     
   1.21721254710085        1.10137533723416      -3.911648425146000E-002
 -3.163156602193304E-002  0.377157350746088       0.535573857805566     
  0.605212603882598       0.154475024111898      -0.650730113420446     
  0.612999827961462       0.939580890295415       0.933864612478259     
  0.100606206357872       0.788412888193918        1.47091807961840     
   1.34145580552218       -1.23253228887539        1.25596974210956     
   1.42085467781363       0.643609618483493       0.647057261501359     
   1.23426148003016       0.758327388650762       0.500350705298573     
   1.33411515180084        1.00667353036689       0.372125601771329     
   1.38220022038891        1.11056698667373      -0.199581595036025     
   1.11621212283259       0.780881369143833      -0.339250700955786     
  0.720588166771463       0.237438171871445      -0.666484911779633     
  3.664292547480735E-002 -0.844904208587917     
  0.121136905317840      -9.919862805631774E-002  -1.22884212830398     
 -0.861349008064634       -1.05061674713134      -0.339250299403754     
  0.356612154633241      -0.560479268126847       0.675068352353088     
   1.14904862187467       0.509160016396563       0.507771190192891     
  0.760309506525283       9.505856374216790E-002   1.23859236535135     
  0.659821129845940        1.04997999288983        1.60355079517935     
   1.17115119462952      -0.107922890849347       0.888801253085450     
 -0.310338911672155       0.520470154773250      -8.334795578067125E-002
  0.972318622259570        1.49803263763485        1.04381132388615     
  0.440567721854584        1.22190447596793       0.713596327162682     
  -1.53644910360099       -1.10915142952458       -1.62323752134162     
  0.224673840565758       0.843333400596820      -0.476233744520577     
   1.07157045697027        1.36893456701688       0.886868086988217     
 -0.497479479749721      -0.919893243612466       0.520480833236798     
   1.22156206045994        1.31413192640547       0.920072005499693     
  0.651401235808703       0.830617002601456      -0.514954587611007     
   1.33457999731066        1.73063934833268        1.22771873695923     
  -1.34126978849558       0.372985530541833        1.36807118207923     
  0.955721285113315       0.963803069968973        1.55986559419103     
   1.27591296027419        1.12823903531502        1.60205688446385     
   1.77303678118966        1.45413572582890        1.10494095405677     
   1.47298301687433        1.71548277984582        1.47298297370115     
   1.10494089300793        1.45413571849920        1.77303678238494     
   1.60205686289285        1.12823897484324        1.27591294453824     
   1.55986561574040       0.963803098760242       0.955721320760312     
   1.36807119796100       0.372985361755678       -1.34127202133784     
   1.22771868592309        1.73063938738953        1.33458009063057     
 -0.514954774019586       0.830617097447572       0.651401347708113     
  0.920072018404293        1.31413192615193        1.22156208682381     
  0.520480886634981      -0.919893425740009      -0.497479226201112     
  0.886868113811538        1.36893458116589        1.07157052691061     
 -0.476234449345411       0.843333250941155       0.224673602282648     
  -1.62323540800813       -1.10915288773391       -1.53645147046928     
  0.713596469673726        1.22190453885464       0.440567816007711     
   1.04381133769869        1.49803267158476       0.972318636114308     
 -8.334763277784700E-002  0.520470378281256      -0.310339086570309     
  0.888801344692967      -0.107922471424842        1.17115112638281     
   1.60355076721613        1.04997995036188       0.659821135259539     
   1.23859232029091       9.505834178520245E-002  0.760309561896970     
  0.507771227101800       0.509159911042871        1.14904853032956     
  0.675068212331891      -0.560479105315571       0.356612080034023     
 -0.339250523325961       -1.05061657654012      -0.861349266667166     
  -1.22884135244927      -9.919845744782306E-002
  -1.86632298053825      -0.425612772404158       0.121290988343820     
  -1.66378334714071       0.606486701311553       0.780881311407189     
 -0.560479262075328        1.19337541037779       0.960614965741344     
  0.600626958773669        1.42212761212720       0.838116494073406     
  0.583009627403491       0.952179087428172      -0.539402281150207     
  7.611995839981137E-002 -0.888669232615572       -1.12779716642493     
 -0.772674483958858       -1.01319231421096       0.560480418271030     
   1.18682890153341       0.815158141161875       0.655701109628654     
   1.62414807774434        1.61230290454618       8.840251934812501E-002
   1.42044202835430        1.62921857190377       0.739394784421185     
  0.543647467397459       0.487481632714096       -2.02936329686882     
  0.405618924403174        1.28110100698403       0.841621066247060     
   1.03251536014139        1.62079010674767        1.15507944813811     
  -2.72842320871314      -1.814129984403764E-002  0.332821956783397     
   1.19098851718489        1.39767276704368       0.346953786361658     
  0.864417614796183       0.742710387831956      -0.576361996010598     
 -0.890879953078772       0.729879194613244       0.798764446308884     
  -2.45136747799120       -1.06422699727735       0.607557245741067     
  0.603763883819410       0.537738285163315        1.30768840876637     
  0.828359726173017       -1.05044064649967       -2.76850807247519     
  0.512916098790619       0.518454414248062      -0.840078043265892     
  -1.05821752579803       -1.19328230199524       -1.05821685154477     
 -0.840078414049058       0.518454453204389       0.512916162895534     
  -2.76850618131188       -1.05043993021179       0.828359705240674     
   1.30768845388528       0.537738390638481       0.603763908335973     
  0.607557305982151       -1.06422649871350       -2.45137367456545     
  0.798764386448715       0.729879319924338      -0.890881027846674     
 -0.576362037995337       0.742710259645903       0.864417547132243     
  0.346953677511150        1.39767270812949        1.19098847210012     
  0.332821869718236      -1.814158689074230E-002  -2.72843329616061     
   1.15507955477468        1.62079014402222        1.03251538970200     
  0.841621054533400        1.28110099325254       0.405618802280415     
  -2.02936681093527       0.487481445721471       0.543647385566471     
  0.739394791438530        1.62921857668410        1.42044203750206     
  8.840259036745472E-002   1.61230293525656        1.62414809134244     
  0.655701047921046       0.815158189019684        1.18682885961277     
  0.560480222758511       -1.01319153233283      -0.772674529657231     
  -1.12779692589507      -0.888668986077950       7.612007161972216E-002
 -0.539402096036037       0.952179205455486       0.583009819413263     
  0.838116420047366        1.42212760500728       0.600626938853120     
  0.960615012823022        1.19337546109146      -0.560479001370320     
  0.780881310277464       0.606486735223758       -1.66378333731262     
  0.121291097968035      -0.425612546231427     
  0.620379986202127       2.098897879791450E-002  6.118668754363552E-003
  0.367798434088446      -9.604374519274690E-002   1.11621213958935     
  0.675068300930063       0.960614975934381        1.51973811420944     
  0.696026102061219       0.975727926930742        1.07989361739798     
 -0.110988810064827        1.23610125158013       0.998854120508426     
  -1.63858214294137        1.00444320098659        1.38688885405463     
   1.27999742990290      -6.420686998188561E-002  0.901934318751713     
   1.02554101190107      -0.367940661803881       0.101686985415009     
  -1.51663847120033       0.447368497423660       0.803509654022935     
  0.685132022123373      -0.626690105398165       0.783425185066554     
   1.18159611781688       0.151371439301159       0.935138418212827     
  0.938321638733957       4.848303390898780E-002  0.989057614843648     
  5.798974082023155E-002  -1.44548751504103       0.698299185152514     
   1.12117361333972       -2.34731110603290        1.21569822959352     
   1.01198436945606      -0.593395022202488       0.704908100369936     
   1.59811198152904        1.37272369975970       0.744096699779198     
   1.69000347891057        1.38434317291837       0.418321502817412     
  0.730558191464689        1.25669452290273       0.906145985644098     
 -0.581463015444258       0.568516523488584       0.579869866327953     
   1.13232194801046        1.64821997166438        1.76291715843753     
   1.53455925280724        1.23923195557331        1.31332636001012     
   1.56527773326345        1.67061194063820        1.56527775351976     
   1.31332636908480        1.23923191892104        1.53455921926279     
   1.76291715265117        1.64821997786385        1.13232191047245     
  0.579869661631823       0.568516308761363      -0.581463384738726     
  0.906146007571266        1.25669456305486       0.730558286529481     
  0.418321473327181        1.38434309370127        1.69000342774664     
  0.744096713618414        1.37272364181982        1.59811196736555     
  0.704908211458828      -0.593394430821417        1.01198439124803     
   1.21569821452953       -2.34731252560725        1.12117352121464     
  0.698299018308445       -1.44548667516359       5.798986317720194E-002
  0.989057703666056       4.848319579951493E-002  0.938321669451523     
  0.935138502507168       0.151371326217738        1.18159614270930     
  0.783425245749807      -0.626690049345511       0.685132103519333     
  0.803509706749862       0.447368520466455       -1.51663899112275     
  0.101686819366771      -0.367940525892193        1.02554096459290     
  0.901934241224209      -6.420689567734024E-002   1.27999736441185     
   1.38688880593489        1.00444321357405       -1.63858111763992     
  0.998854150573610        1.23610136885440      -0.110988082080626     
   1.07989349347147       0.975727904065603       0.696026045040356     
   1.51973810486240       0.960615018579218       0.675068215904556     
   1.11621212304622      -9.604365862174247E-002  0.367798395957814     
  6.118736698735880E-003  2.098887153400413E-002
  0.355637808448487       0.316777487217783       -1.31736579081344     
  0.682590043591687       0.810816546614697      -0.199581331258930     
   1.14904859480114       0.600626980552367       0.696026059787385     
   1.06144641511482      -0.138709830178851       0.170581988952323     
 -0.338632407871694      -0.465684823468099      -0.114485559323704     
 -0.642017392776461      -0.727407011858152       0.476166944011747     
  0.528544909820551       -2.83926819398137      -0.132365311504339     
  0.331774307454812        1.09220451574849       -1.22010835018258     
   1.56209893354148        1.74301065933644       0.500815143534548     
   1.26875046213273        1.44816536226076        1.01530665839049     
  0.425460530353347       -1.02055633801598        1.12362324401502     
   1.43160447430114       0.791851832576277       0.249387008435756     
  0.817352036728979       0.897753936429664        1.29759396331414     
   1.30087692735021      -0.617980457729754        1.58600864736314     
   1.52782234916796      -0.203363940392061       4.969863035576758E-003
  0.555609191750081       0.835330517812903       0.587305810581925     
   1.49992560090531       0.975123572965160       0.281459865349172     
  2.245242886684780E-002  0.882468695082706        1.08259256525335     
  -1.47155737420349        1.04479553664751       0.952066943892294     
  0.382138528687182       0.445801849791208       0.753559828217514     
  0.475636133353717       -1.32860840583130       -1.07727363268193     
 -0.609911270879846       6.390663551113725E-002 -0.609911314188965     
  -1.07727319998599       -1.32860949376193       0.475636007600791     
  0.753559788811109       0.445801822844002       0.382138427600637     
  0.952066846885681        1.04479544981395       -1.47155856174212     
   1.08259263273748       0.882468795084425       2.245232981670506E-002
  0.281460080918349       0.975123393113477        1.49992553784303     
  0.587305856268027       0.835330409946500       0.555609158029412     
  4.969656702412143E-003 -0.203363744180431        1.52782232272429     
   1.58600859002241      -0.617980988746117        1.30087693116839     
   1.29759393748177       0.897753923250599       0.817352087134905     
  0.249387135636896       0.791851838441618        1.43160452702280     
   1.12362333667436       -1.02055590087101       0.425460580913189     
   1.01530667118465        1.44816532481638        1.26875038404688     
  0.500815285278737        1.74301067765421        1.56209896107755     
  -1.22010935472627        1.09220445972714       0.331774263411672     
 -0.132365245988816       -2.83927364525434       0.528544745533346     
  0.476166847582912      -0.727406824143961      -0.642017734659755     
 -0.114485502731544      -0.465684122716987      -0.338633364084982     
  0.170581489935736      -0.138709403021780        1.06144645617402     
  0.696026100650106       0.600626897526154        1.14904854713078     
 -0.199581393286089       0.810816507506631       0.682589993969863     
  -1.31736578304909       0.316777447198895     
  0.816010248287807       -1.35370293439349       0.799598771467599     
  -1.61907007492025        1.24648593791067        1.11056693664992     
  0.509160030215271        1.42212763780550       0.975727987367107     
 -0.138709996871964       0.770536835020955       0.177716210774379     
  0.179828201371878        1.03030666461992       0.921236100693833     
 -0.684421681603710        1.16759106090528        1.23646456005001     
  0.780526297131516       0.295145320460966       -1.52515582919186     
  0.965625258663391        1.42446766331232       0.457273040684389     
   1.25369338473840        1.25010771278130       0.826093356551153     
   1.66915032025275       0.840300101374624        1.13803023850222     
   1.16779678058784      -0.821905230261453       0.455192992851097     
 -0.337766279457301       0.466991350585759      -0.882342829843412     
  -1.31545108015131       0.471593916241595       0.317094217923269     
 -0.307265730190146      -0.177928159031179       0.233457143851714     
 -0.162561241191333        1.12943059273345        1.65909754044554     
   1.28143383835224       -3.89121003814607       0.375883389777946     
  0.306880531185133        1.04952469934903        1.56808967716489     
   1.46098284319184       0.342174044118087      -0.147552280404678     
  -1.17993427346644       0.148163550539737       0.196573370519606     
   1.44391116108708        1.71147738081094        1.60767687138285     
   1.42395639284426        1.41341802555937        1.50234196064564     
   1.54117494858665        1.54110003488290        1.54117497362164     
   1.50234200743520        1.41341808045201        1.42395642665503     
   1.60767687836906        1.71147737900755        1.44391115346578     
  0.196573271963865       0.148163707462579       -1.17993409279356     
 -0.147551974425619       0.342173785428049        1.46098282884957     
   1.56808974726981        1.04952488198448       0.306880736980956     
  0.375883284851131       -3.89123561817622        1.28143385165784     
   1.65909751316530        1.12943054787405      -0.162561312442925     
  0.233456944664083      -0.177927789211748      -0.307265446373627     
  0.317094179235152       0.471593938099610       -1.31545072029050     
 -0.882342384542282       0.466991545385992      -0.337765582782595     
  0.455192758602977      -0.821905570909067        1.16779676638411     
   1.13803024173777       0.840300030328056        1.66915028956329     
  0.826093333085425        1.25010770304014        1.25369339279312     
  0.457272937736081        1.42446761872452       0.965625188062084     
  -1.52515457421472       0.295145480552014       0.780526362146602     
   1.23646456544191        1.16759103466268      -0.684422019061214     
  0.921236147281080        1.03030667206918       0.179828037484597     
  0.177716595619926       0.770537095531990      -0.138709288983947     
  0.975727837612953        1.42212757718256       0.509159937079193     
   1.11056693635167        1.24648590447716       -1.61906905626881     
  0.799598798832758       -1.35370291323488     
   1.55429575454649       0.549925250378587        1.29613633763628     
   1.22585269698144       0.526692499075602        1.38220021041657     
  0.507771162671290       0.838116499056155        1.07989363137198     
  0.170582091109005       0.177716115751529       0.606692388918003     
 -0.706776788684717       0.773855817028814        1.05206682589237     
 -0.769573227696290        1.03126601900178        1.04081832865120     
 -0.412298625519736       -1.20973471487052       0.188236669644327     
  0.180991897121942       0.120451283214036       0.705796080442736     
  9.373618058755157E-002  0.348387928884151        1.20910641220050     
  0.983918586192259        1.12334803076052        1.90247468728642     
   1.45160407679750        1.03586051580295        1.68341553218888     
   1.12784848923313       -1.41321744105443       -3.25684799903608     
 -6.595259357507514E-002   1.32746207389547        1.60359912799754     
  0.785779837278100       0.920680368860883        1.22093638626491     
  0.682088473112465       0.604988580940711        1.13842837172615     
   1.02371979862301      -0.810418303339380        1.09824654607377     
   1.10660340906269       0.659687211805258       0.405274031442583     
  0.453026311531233       0.131930448251251       -1.07346452885323     
  -1.75495328854179      -0.463444553415358       0.579865360826610     
   1.11703631400133        1.20644644896759       0.855414992169431     
 -0.136874484937084       -2.50471841119599       -1.47141336262309     
 -0.142602578661598       0.133939757485103      -0.142602446484950     
  -1.47141224346536       -2.50472215604808      -0.136874350310631     
  0.855415005114662        1.20644645336464        1.11703629415617     
  0.579865199876419      -0.463445365263132       -1.75495525214767     
  -1.07346523930260       0.131930094745298       0.453026253349310     
  0.405274261949805       0.659687422948349        1.10660343961402     
   1.09824648112305      -0.810418916768795        1.02371980231614     
   1.13842831571730       0.604988426180922       0.682088332437907     
   1.22093633618953       0.920680357536612       0.785779805342801     
   1.60359912268916        1.32746209673677      -6.595236780688958E-002
  -3.25683732254763       -1.41321881196449        1.12784842783119     
   1.68341552535674        1.03586057253657        1.45160402316640     
   1.90247466552640        1.12334800514871       0.983918632108401     
   1.20910647561406       0.348388083837480       9.373622234655299E-002
  0.705796020123220       0.120451106056009       0.180992060266294     
  0.188236820886195       -1.20973527712247      -0.412298546807999     
   1.04081832643490        1.03126601768365      -0.769573066014836     
   1.05206691052291       0.773856016259553      -0.706777634947189     
  0.606692428994408       0.177716564801641       0.170581516261318     
   1.07989347939510       0.838116394939046       0.507771214291818     
   1.38220020311966       0.526692424997494        1.22585273479315     
   1.29613635659365       0.549925243410491     
   1.29811737714400       0.413260870696949        1.02809014422000     
   1.28746047266754       0.332389491817115       0.372125542374275     
  0.760309520826061       0.583009748833062      -0.110988518073057     
 -0.338632526298505       0.179828281504218      -0.706777046931745     
  0.762748068178569       0.529794280108955      -0.877301917895969     
  8.121658068007197E-002 -0.470360435739564       0.528582137388053     
   1.28436133396942        1.13535717941622       0.271644026031636     
   1.46775724875675        1.17507349281350      -0.328479020936294     
  0.906542672603440       0.472099972446288       -2.96776298475030     
  0.413531339318211        1.08681674033373        1.14478304416197     
  -1.37142462624247        1.24566202852328        1.24047701197001     
  -1.65437523170661       0.472656840532508      -3.926004795555813E-002
  0.961577170925081       -1.03821672754889        1.02592987931820     
  0.473969773144637       0.973313538714546        1.18389993056090     
 -9.648315751890194E-003   1.49014731299379        1.39135003534692     
  0.488494070115541      -0.393637482097176       0.138868988145172     
 -0.801222838843153        1.27719698230306        1.64555482542402     
   1.36697661928729       0.230912485127491       -1.20560930322924     
 -0.907974891234721      -0.752373525687984       0.382112013445858     
   1.26226955454756        1.53548315119779        1.56639422483021     
   1.54644018219448        1.55651465096476        1.55291187991916     
   1.50620459798111        1.47372095349597        1.50620461483061     
   1.55291188698075        1.55651463876385        1.54644016227751     
   1.56639420001059        1.53548310986001        1.26226949849001     
  0.382112013845876      -0.752374151383552      -0.907975459228440     
  -1.20560978580494       0.230912675574237        1.36697662075631     
   1.64555478890732        1.27719694938719      -0.801222443601530     
  0.138868752156404      -0.393637714479432       0.488494075837292     
   1.39135005772189        1.49014736168869      -9.647833088141222E-003
   1.18389979815257       0.973313437536506       0.473969815762331     
   1.02592988882568       -1.03821714105988       0.961577120851361     
 -3.926009245890653E-002  0.472656768120463       -1.65437321839683     
   1.24047712444733        1.24566216056495       -1.37142691438519     
   1.14478296215377        1.08681666674538       0.413531111392028     
  -2.96777610754201       0.472100125076826       0.906542657548495     
 -0.328479360016414        1.17507354741718        1.46775726940625     
  0.271644072419990        1.13535716659323        1.28436132879945     
  0.528582116278713      -0.470360621162283       8.121650746670787E-002
 -0.877301449952694       0.529794019992559       0.762747858268595     
 -0.706777437222677       0.179828123065308      -0.338632934125636     
 -0.110988366543139       0.583009774696090       0.760309567407151     
  0.372125640502212       0.332389443672422        1.28746047664863     
   1.02809014843496       0.413260881715512     
  0.272626097770675      -0.907790295224501       0.215278011967435     
 -1.720970131090940E-002  0.369584499337661        1.00667365931373     
  9.505860120479491E-002  0.952179172293962        1.23610134114149     
 -0.465684428701740        1.03030666602655       0.773855871473110     
  0.529794222223409        1.19941743815330       0.551105737075158     
 -1.390623201812623E-002  0.468843206579048       0.525393179772894     
  0.990404031456273        1.07956688914504      -0.785215061817074     
   1.07629955851607        1.05362105556211       -1.65245618412483     
  0.366143812477277       0.383841769333602        1.31028068295116     
  0.810687228450096       0.869424213646471        1.53091183298422     
   1.29228708232886      -0.657251695798131        1.08231655411768     
   1.50778561839131        1.28254958900331      -0.539918196192663     
   1.45463814374066        1.49090021958207       0.566290107421065     
 -0.621673692883073      -0.820276381511084      -0.313605743515968     
  0.861591126120659        1.62938184140048        1.51282981063153     
  3.288524143167906E-002  0.649862844929473       0.516025016555412     
  0.355163705231762        1.08749241239381        1.39786816529918     
  0.936394290604002      -0.310130957667657       0.442676086047449     
  -1.34820775290579      -4.052107878779364E-002  0.403996604311845     
   1.37007949939297        1.44849387803474       0.956372092415247     
 -0.261870216073547       -1.46939574696598      -0.390884138982666     
 -5.734069494171281E-002 -3.571241821378633E-002 -5.734036742698793E-002
 -0.390883746513347       -1.46939594892983      -0.261870516888133     
  0.956371994832321        1.44849379689545        1.37007938454157     
  0.403996328788680      -4.052093067256675E-002  -1.34820790290846     
  0.442676102855661      -0.310130839664470       0.936394212310215     
   1.39786812671582        1.08749244466863       0.355163936405316     
  0.516025154518008       0.649862863570651       3.288520198307457E-002
   1.51282978362848        1.62938183358763       0.861591219906079     
 -0.313606322243800      -0.820277023983472      -0.621673610464808     
  0.566290099494291        1.49090020323432        1.45463813239613     
 -0.539917998024140        1.28254951973436        1.50778553694738     
   1.08231639888979      -0.657250735345148        1.29228712573754     
   1.53091182823307       0.869424225071739       0.810687103652160     
   1.31028057424761       0.383841566852084       0.366143773688534     
  -1.65245804734010        1.05362111638504        1.07629956641495     
 -0.785214977548154        1.07956688552178       0.990404019454113     
  0.525393164044697       0.468843164477472      -1.390638015446944E-002
  0.551105801273624        1.19941743595370       0.529794173813325     
  0.773855897756150        1.03030669260269      -0.465684827180564     
   1.23610127387524       0.952179174202592       9.505819206696467E-002
   1.00667345155450       0.369584177226257      -1.720947549454227E-002
  0.215278086865690      -0.907790477855965     
   1.58792440580373       0.680596921255601        1.37359146405530     
   1.60233205010081      -0.135957688162864        1.33411530488138     
   1.23859244482732      -0.539402378016628       0.998854169177959     
 -0.114485376820093       0.921236084420145        1.05206684384124     
 -0.877301600371409       0.551105684207759      -0.242871615730298     
  0.132755095766635       -3.88291723486603        1.03102612327119     
   1.20937131072026      -0.155558742924690       0.719880822213387     
  0.682749474911510      -7.414914979271683E-002  0.107758697769669     
  2.633222805671540E-002  0.496746799525254        1.22841112888386     
  9.615153212369186E-003   1.47070578173096        1.72338396156272     
  0.508002495970413        1.30441923898890        1.45015256497618     
  0.805268404571767       5.384029361105699E-002 -9.792443523709449E-002
 -0.190891619480830       0.932489133051258       0.566923419401820     
  0.351627076015667       0.890787895240474      -0.404076664994124     
  0.381788244279315       0.454507704580299       0.536784021068024     
   1.06833931705257        1.17758450829853       8.741863243552378E-002
  0.852701669322660        1.23216636253213        1.11904850332243     
   1.09658579621044        1.15341092641535       0.738891171269475     
 -0.486378170450213       0.749183823594011       0.644358671704283     
  0.565609037305919        1.13666662523487        1.60116907788011     
   1.74503134802377        1.65920534086775        1.52048616540034     
   1.48187590164027        1.49445840704695        1.48187583538731     
   1.52048612321311        1.65920536563968        1.74503139762736     
   1.60116912952757        1.13666672257667       0.565609306982423     
  0.644358919285574       0.749183944305137      -0.486378116249876     
  0.738891229532465        1.15341100534433        1.09658590508497     
   1.11904855605895        1.23216631895976       0.852701553294498     
  8.741870049291353E-002   1.17758447912135        1.06833933753421     
  0.536784214312001       0.454507892012462       0.381788244335314     
 -0.404076384965753       0.890787922051133       0.351627043508745     
  0.566923427679785       0.932489114375972      -0.190891656280335     
 -9.792447535591847E-002  5.384023210163517E-002  0.805268367828944     
   1.45015254433320        1.30441924196864       0.508002331234810     
   1.72338389563515        1.47070572944767       9.614948435202724E-003
   1.22841098938835       0.496746513825700       2.633236016334302E-002
  0.107758574880318      -7.414927395753765E-002  0.682749494011088     
  0.719880852437474      -0.155558706180074        1.20937132413527     
   1.03102610591669       -3.88290738305135       0.132755069158118     
 -0.242871272024253       0.551105882099005      -0.877302471419498     
   1.05206680494790       0.921236141079079      -0.114485864966626     
  0.998854059771087      -0.539401958401918        1.23859222593369     
   1.33411505955718      -0.135956741787627        1.60233210616132     
   1.37359149212722       0.680596884671662     
   1.43456178697887       0.620187210268536        1.05608421941933     
   1.32366998433704       0.237679224312852       0.500351054612496     
  0.659821350190400       7.612020410173828E-002  -1.63858170929342     
 -0.642017328289226      -0.684421533666948      -0.769573378433462     
  8.121659935037297E-002 -1.390610790437492E-002  0.132755192766127     
  0.490210061223029       -1.15792878759340        1.21018515701892     
   1.63734682924579        1.02556174115149       0.850483721627412     
   1.28746575342905       0.376354051638445       -1.10528498980437     
  4.216904932988600E-002  0.482414249742745       -1.94070421231344     
 -0.652891244085623       2.450574154372084E-002  -1.26969590632133     
   1.22361636687538        1.46355786839937      -0.322159262895603     
   1.74429175172089        1.52275047052069       0.658534400087643     
   1.56484057648945       0.934760025619987       -1.53556687219295     
  0.328051850257733        1.04412589480518      -0.958262826506484     
   1.36764307782348        1.61744897717645        1.23814020073570     
  0.499509851489783      -0.458314964872800       0.125120390432525     
   1.15024698160926        1.42787001085758        1.27303390242372     
  0.755213158067709      -0.329211574893348      -0.720787590233198     
 -4.000903968107154E-002  7.042941977426653E-002  0.463397887707560     
   1.04576531102497        1.36674951064637        1.30225466050818     
  0.753785072328283      -0.708498438276857       -2.01036264186852     
 -9.356760537177750E-002  0.295503910970139      -9.356793334448486E-002
  -2.01036377681393      -0.708497742741150       0.753785254337933     
   1.30225471575180        1.36674953927224        1.04576537450425     
  0.463398018035996       7.042949909475481E-002 -4.000906242303164E-002
 -0.720787716974951      -0.329211370031837       0.755213250863955     
   1.27303392621120        1.42786998854054        1.15024695853513     
  0.125120559968311      -0.458315463720568       0.499509853269635     
   1.23814027694379        1.61744901511520        1.36764306589966     
 -0.958262285362559        1.04412591829363       0.328051858437643     
  -1.53556716292816       0.934760037795215        1.56484057066793     
  0.658534406884295        1.52275043632694        1.74429171118042     
 -0.322159623311047        1.46355791058254        1.22361645589856     
  -1.26969791133777       2.450548891447058E-002 -0.652891677820769     
  -1.94069885347265       0.482414575278261       4.216930443471271E-002
  -1.10528501129248       0.376354044995680        1.28746577624253     
  0.850483759780229        1.02556174480327        1.63734683220894     
   1.21018511805896       -1.15792769085996       0.490210152895691     
  0.132755094108260      -1.390637860948207E-002  8.121641288767145E-002
 -0.769573436001583      -0.684421973176578      -0.642018089926113     
  -1.63858018223781       7.611992386122707E-002  0.659820927101067     
  0.500350468497754       0.237679728718075        1.32367003332933     
   1.05608423942408       0.620187179714106     
 -5.143826901106627E-003 -0.660870434643044       0.191325320493483     
  0.895246457264415       0.271408213145903       0.758327310802026     
   1.04997992768803      -0.888669042959236        1.00444318799526     
 -0.727407189610503        1.16759109646090        1.03126607783355     
 -0.470360645105356       0.468843232548264       -3.88290651166989     
  -1.15792856350075       0.806886141536029       0.668288664639231     
 -0.128188552135006       0.220144635713588       0.355579513823755     
  0.471800710924175       0.733937844226086        1.26031617390292     
  -1.31892792244778        1.26512549633194       0.989799694711135     
  0.246498502064394        1.10972927788080        1.14295357264597     
   1.19731469125106       0.580504716294262        1.31029051891496     
   1.97848740257071        1.59299724925456       0.945474530096906     
   1.69961972657446       0.812868458665067       0.843501790217647     
  0.531036447058985       0.289780468630070       1.216031082323728E-002
  0.455672376341271       0.268764802550165       0.745508220033744     
   1.36149018161773        1.06372197586822      -0.914810387189611     
  0.424943429633794       0.753692870568519       0.969913888027175     
   1.19526918579167        1.25632487627966       0.915818030683375     
  -2.51445438884960       0.842362659418250       0.951903120551211     
  0.563731362275807       0.699522969179867        1.39007765730712     
   1.77605020825982        1.82209412297879        1.65037553175315     
   1.44566250973493        1.36535894487631        1.44566255178629     
   1.65037554089094        1.82209409001947        1.77605016496468     
   1.39007762793927       0.699522967936186       0.563731390189972     
  0.951903181754805       0.842362773748558       -2.51445119245071     
  0.915818067493267        1.25632492942519        1.19526922143332     
  0.969913916374121       0.753692906138898       0.424943381282658     
 -0.914809382681048        1.06372208306991        1.36149019188651     
  0.745508143897813       0.268764827968956       0.455672242910283     
  1.216056770638613E-002  0.289780585117720       0.531036350712656     
  0.843501706785242       0.812868485874777        1.69961970475644     
  0.945474488286245        1.59299722435617        1.97848736841301     
   1.31029046810638       0.580504742570378        1.19731469596260     
   1.14295358949033        1.10972927833877       0.246498375287124     
  0.989799786108288        1.26512555137853       -1.31892826074115     
   1.26031618261784       0.733937840604414       0.471800788706831     
  0.355579627815725       0.220144553029631      -0.128188676212293     
  0.668288777137392       0.806886273333220       -1.15792769832501     
  -3.88290012566926       0.468843288698951      -0.470360217268793     
   1.03126598182249        1.16759102561134      -0.727406605341559     
   1.00444325629020      -0.888669042729234        1.04998001917375     
  0.758327470873616       0.271408092362416       0.895246471417467     
  0.191325340184769      -0.660870335395903     
   1.51737239241486       0.954154410708022        1.00511951243395     
   1.69390653550121        1.09145942602017        1.23426152471838     
   1.60355081376610       -1.12779618037051        1.38688879312876     
  0.476166810504054        1.23646461243647        1.04081840555213     
  0.528582028345665       0.525393150908435        1.03102611423771     
   1.21018515852013       0.668288646706620        1.65594909239722     
   1.25963222597734       -2.04208362965353      -0.744511180553656     
 -0.808382820004938        1.03639979144445        1.40166041302620     
  0.239044810060677        1.04423241896620       0.734555822600600     
  0.645350090358634       0.896442500756414      -0.222884036733916     
  0.914924765643661       0.270899286963239       -1.29963089509480     
  -1.19741105663247      -3.376701002875348E-002  0.776705622377073     
  0.237322906762025       0.908669234506120        1.46655767789367     
   1.07267243075262       -1.44557566503588       0.520904317787628     
  0.679911340974531        1.12109648562363        1.46754200316158     
   1.37879343482498       0.410628616448395       0.734126208812464     
   1.36899804474622        1.44207476910875        1.23348819584889     
  0.866409309269134       0.506973001759784      -0.267936135791153     
  0.206721514399030       0.995984510358230        1.02259578051547     
  0.757874396000225       0.941361831190061        1.33715280408042     
   1.32329138624742       0.619755528127703       -4.45462428027526     
 -0.908230568860020       6.063099650813324E-002 -0.908230011012624     
  -4.45460302209134       0.619755494091824        1.32329135880093     
   1.33715279050797       0.941361832426177       0.757874470275567     
   1.02259594109773       0.995984739512095       0.206721871379388     
 -0.267936034142231       0.506973204289282       0.866409422591329     
   1.23348824391283        1.44207479648037        1.36899803994194     
  0.734126099283064       0.410628767752378        1.37879342762440     
   1.46754196727922        1.12109647356073       0.679911401412299     
  0.520904376179882       -1.44557518341951        1.07267234640004     
   1.46655759555338       0.908669152713255       0.237322784359179     
  0.776705510374146      -3.376705239382362E-002  -1.19741037469572     
  -1.29963031179149       0.270899304495117       0.914924800143712     
 -0.222883921777615       0.896442484973094       0.645350113674436     
  0.734555746509760        1.04423234176593       0.239044993596257     
   1.40166044471305        1.03639980267282      -0.808383071881061     
 -0.744511628450572       -2.04208138359058        1.25963228251332     
   1.65594913634882       0.668288770863950        1.21018512914789     
   1.03102610027518       0.525393272811172       0.528582283498920     
   1.04081826572946        1.23646455555259       0.476166881053309     
   1.38688884186295       -1.12779747156289        1.60355076814589     
   1.23426147926707        1.09145947831204        1.69390655994797     
   1.00511953081505       0.954154421879389     
  0.916139876021157       0.697575876929760       -1.43621766785201     
  0.974985462433396       0.737008326894727       0.647057371231585     
   1.17115122228097      -0.772675129714448        1.27999735752003     
  0.528544771945403       0.780526379266249      -0.412298328929502     
   1.28436130448004       0.990404015549258        1.20937131981743     
   1.63734684173764      -0.128188455634933        1.25963222022068     
  0.564581800270041       0.843990793377711       0.629764976534191     
  0.319869254008961       0.484732251761819      -0.602987167243113     
 -0.343825378139236      -0.341655581280207       -1.04777082619739     
  0.702322115695158       -2.02921116937684        1.47322009208148     
   1.71732938968539       0.399417183052463        1.59314676112399     
   1.90524229772832        1.42355997964827      -0.110023459781206     
   1.29800143637551        1.20385107316274       0.167350838323295     
 -0.150102223467671      -0.185876718700915       -1.40035632595853     
 -0.450283683143017      -9.406480929567078E-002 -0.404591909744926     
  0.916414531262216        1.01876255594447       0.395485985868492     
  -2.21985443469080       0.179785801608552       0.944027007767145     
   1.34599748970869        1.28591277682003       0.623184739597684     
  -3.16913108293308      -3.473570015044840E-002  0.596556457486203     
   1.02079447173847        1.08521530440426        1.08700184926872     
   1.49028412992048        1.88547916469321        1.90901061236501     
   1.49143812182000        1.03762510342543        1.49143809178915     
   1.90901059242955        1.88547915227082        1.49028411810108     
   1.08700184381002        1.08521530264919        1.02079439944178     
  0.596556108869441      -3.473668211835619E-002  -3.16915621934807     
  0.623184799059423        1.28591274740230        1.34599747421886     
  0.944026984927507       0.179785655378585       -2.21985628098244     
  0.395485953560588        1.01876253344575       0.916414587977149     
 -0.404591386951215      -9.406508213429760E-002 -0.450283925490210     
  -1.40035714940342      -0.185876776557383      -0.150101798725564     
  0.167350280701221        1.20385094792665        1.29800143327019     
 -0.110023164713323        1.42355995001373        1.90524230519611     
   1.59314679021818       0.399417040727322        1.71732935607283     
   1.47322005411084       -2.02920932203186       0.702322236396118     
  -1.04776940310199      -0.341656251788692      -0.343824916911508     
 -0.602986856379007       0.484732202413746       0.319869224737030     
  0.629764957340105       0.843990741179892       0.564581916813880     
   1.25963228254470      -0.128188676800532        1.63734684179544     
   1.20937134815622       0.990404021464760        1.28436135993531     
 -0.412298739213108       0.780526355194786       0.528544759697253     
   1.27999739336161      -0.772674260260581        1.17115113309518     
  0.647057274778179       0.737008383094582       0.974985503706183     
  -1.43621720545966       0.697575864646475     
   1.45069308083012       0.409183164939982        1.23284308371953     
   1.24679924773802       -2.47588105820277       0.643609583789825     
 -0.107922719888998       -1.01319218587709      -6.420695928756485E-002
  -2.83927177846054       0.295145401317373       -1.20973488046805     
   1.13535718888140        1.07956690353384      -0.155558729125084     
   1.02556176172580       0.220144666054037       -2.04208336410690     
  0.843990781377501        1.41565556337817       0.641453683083584     
   1.13485911550843        1.50618000365184       0.897742648333607     
  -1.08088736640854       4.325894562754116E-002  5.582924222469668E-002
  0.231751536435198       -1.19713308990884       0.695354674082439     
  0.973296455249161       -1.86986691598214        1.21992131187026     
   1.33822113209407      -0.923085507243497        1.31927317181215     
   1.29576849364905       9.824200642483162E-002   1.58920636713468     
   1.46495918673447       -1.12688129168179       0.946478218823729     
  0.746418980375076       0.643254655953752        1.36146566852781     
   1.63516581526096        1.01061113279730       0.878085442412294     
   1.49469916346663        1.34518927736837        1.19531813382673     
   1.29914918528833        1.07540446411607       -1.71775598349389     
  0.820173465455518       0.969860610149411       0.965946957691852     
   1.12880630454476        1.14096296404921       0.966324086336397     
   1.07917119744115        1.34132589622333        1.09630884372359     
 -0.705293626218295       0.892987656706621      -0.705293372144073     
   1.09630879991660        1.34132586083960        1.07917114920307     
  0.966324051350453        1.14096294852993        1.12880624294046     
  0.965946770109735       0.969860378945261       0.820173293942501     
  -1.71775504591578        1.07540451048191        1.29914926157600     
   1.19531819270769        1.34518925509161        1.49469912360432     
  0.878085428698625        1.01061111691270        1.63516583829575     
   1.36146574190029       0.643254806913561       0.746419069141182     
  0.946478274898897       -1.12688122530155        1.46495927213015     
   1.58920649635922       9.824258911095071E-002   1.29576845984788     
   1.31927321831429      -0.923086163252885        1.33822112055495     
   1.21992134977822       -1.86987008816779       0.973296294137471     
  0.695354484787048       -1.19713207280301       0.231751701531864     
  5.582951692847715E-002  4.325921596311379E-002  -1.08088685774302     
  0.897742623962127        1.50617997795142        1.13485905214265     
  0.641453775018966        1.41565557524714       0.843990756572806     
  -2.04208177561386       0.220144544021763        1.02556175028130     
 -0.155558572165512        1.07956685003607        1.13535716046537     
  -1.20973503190244       0.295145433393233       -2.83927214740100     
 -6.420684743669784E-002  -1.01319166198007      -0.107922651931600     
  0.643609549847110       -2.47588186441129        1.24679922306819     
   1.23284303535920       0.409183258013201     
   1.94803008794962        1.17181736843713        1.46843370230701     
   1.65006321466455       -1.49775576139592        1.42085469334073     
  0.888801325830104       0.560480319348434       0.901934304933771     
 -0.132365194501853       -1.52515529814178       0.188236642136767     
  0.271643932904633      -0.785214813103947       0.719880830422003     
  0.850483720617429       0.355579546091691      -0.744511359313780     
  0.629764964722397       0.641453697915253       -1.59298644141370     
  0.610281867748509       0.663012031523033       -1.83215075046745     
  0.416835465801407      -2.699246909026551E-003  5.609035808194473E-003
  0.264333357281677       0.205043046733922        1.27958470128175     
   1.25745755107550      -0.554277163908762        1.09475221782386     
   1.41919356484618        1.32514766126278       0.958626923252752     
  -1.76572755175568        1.29129610012362        1.58148076057839     
  0.831537719608354       0.908962695473582        1.18789048763385     
  -1.03269315577705       0.621024499678785       -1.32644416780291     
  0.258312213206219       0.221049895259255        1.32676189450822     
  0.993854393153583       0.513507474601391        1.30379392740640     
   1.08955909932496       0.787987918038413       0.916115125829893     
  0.653429394233239      -0.315404707029020       0.882539818229462     
  0.829162347996433       0.836525502482534        1.33193218690509     
   1.65566291671394        1.67992887980132        1.61708315035909     
   1.68070715844588        1.74623102536595        1.68070716944694     
   1.61708316810704        1.67992890119999        1.65566294377587     
   1.33193222051241       0.836525540024617       0.829162398030893     
  0.882539892259630      -0.315404560241427       0.653429468205325     
  0.916115190946378       0.787987837761588        1.08955893507786     
   1.30379382827034       0.513507485519509       0.993854324046766     
   1.32676189294863       0.221050017956340       0.258312210933465     
  -1.32644507711563       0.621024426422505       -1.03269322740542     
   1.18789045771541       0.908962611195979       0.831537913969170     
   1.58148087133938        1.29129620951021       -1.76572734000927     
  0.958627023210936        1.32514773844976        1.41919361646627     
   1.09475225179552      -0.554277013561772        1.25745760305221     
   1.27958473692811       0.205043023188126       0.264333423537889     
  5.609022662003968E-003 -2.699162789735008E-003  0.416835496489229     
  -1.83215131081540       0.663011932065829       0.610281709836639     
  -1.59298490306553       0.641453742731812       0.629764968307086     
 -0.744511454620398       0.355579626484670       0.850483780510022     
  0.719880850593990      -0.785215185983017       0.271644112260275     
  0.188236767118089       -1.52515550816473      -0.132365427684822     
  0.901934218633088       0.560480248812703       0.888801306952288     
   1.42085466480427       -1.49775597098632        1.65006318658810     
   1.46843364281123        1.17181743158220     
   1.23926105309593       0.312442433274289       0.916044517589869     
  0.819135226979239       0.597819486523155        1.25596979107714     
 -0.310338957597544        1.18682889412619        1.02554103760198     
  0.331774168712920       0.965625209284479       0.180991894074596     
   1.46775723655035        1.07629955519325       0.682749467306292     
   1.28746576509874       0.471800775759743      -0.808382958439146     
  0.319869204269062        1.13485907960859       0.610281827064209     
  0.623453540001438        1.21901477964530        1.00600312811880     
  0.437643831836530       -2.80043089823920       0.772663436091151     
   1.14445358969796      -0.390574436532143        1.37195073416197     
   1.54454700726393       -2.16297071628301        1.60406814081134     
   1.58393416086956      -0.437772859654419        1.12644381341807     
   1.03651809000991      -0.452803451897410       0.569823245831581     
   1.16857853746564        1.23084011252824       9.604444334492232E-002
   1.14183332571175        1.57416522265706        1.34592950433499     
  0.875906223830445       0.769776328591139       0.244246489293685     
  0.893140072327394        1.69702911187159        1.72123490182485     
   1.24129916994408       0.531585554409399       4.985565310934656E-002
 -0.195952814787456        1.20663189275181        1.46198276625128     
   1.13223228169282       0.634384040416666        1.03122351175934     
   1.48073531547507        1.46262057394450       0.844671803386246     
  -1.02544850829385       0.336676072355482       -1.02544875731145     
  0.844671840439990        1.46262059181543        1.48073533527611     
   1.03122354515860       0.634384080635755        1.13223229418054     
   1.46198275317667        1.20663180574508      -0.195953586255836     
  4.985611781779103E-002  0.531585519066453        1.24129904361288     
   1.72123484576565        1.69702912153047       0.893140166111781     
  0.244246479066078       0.769776424118580       0.875906281910144     
   1.34592950376604        1.57416523055290        1.14183338554501     
  9.604418214609692E-002   1.23084004374364        1.16857845252237     
  0.569823079447800      -0.452803282877577        1.03651802078390     
   1.12644370280958      -0.437772213918582        1.58393421807145     
   1.60406819642319       -2.16297431016518        1.54454697034635     
   1.37195068211208      -0.390573860431789        1.14445368454404     
  0.772663501305074       -2.80043020662114       0.437643882248399     
   1.00600316580443        1.21901483236532       0.623453649540839     
  0.610281805173669        1.13485912020589       0.319869297359290     
 -0.808382937539599       0.471800765576868        1.28746579457070     
  0.682749549320530        1.07629955528633        1.46775727492769     
  0.180992035614222       0.965625239310585       0.331774399765106     
   1.02554092316142        1.18682883866381      -0.310338911969996     
   1.25596978121901       0.597819505612956       0.819135149514400     
  0.916044413962716       0.312442589222261     
   1.34971569945656       0.782543041177909       0.375725068841920     
  0.957053409683043       0.444428656621562       -1.23253376086058     
  0.520470248773869       0.815158185201317      -0.367940369646369     
   1.09220444689046        1.42446763667795       0.120451265880909     
   1.17507350646980        1.05362109374230      -7.414920141791571E-002
  0.376354137958360       0.733937772914406        1.03639979538592     
  0.484732139211839        1.50617996678706       0.663011981092846     
   1.21901478773704        1.32673366453301       -1.70595543694017     
  0.604789401980741       -2.17441280487635      -0.429564232775733     
  0.621032838006783        1.07615109694617      -6.420725591800308E-002
  0.271687909848202       -1.48803788401512       0.602186303500062     
 -0.102574538262262        1.58023794587453        1.67455077571668     
  0.193076940233519        1.40942503083280        1.63176329004319     
   1.08227921123792      -0.820962858591880       0.794036000007215     
  0.804362010988310       0.199079614751198       -2.12324708086510     
 -0.349860928733415       1.271616014529135E-002  0.627949217609557     
  0.943652675170107       0.425314539179077       0.567327526637924     
   1.33617591691910        1.25107848428192       0.606714917822680     
 -0.133422683565288      -6.572995762244464E-002  -5.73567729115442     
  0.855618443039408        1.42075805538793        1.49380440002529     
   1.37124990146285        1.39027317456294        1.62855727697651     
   1.84879583075812        1.92851297831962        1.84879582310658     
   1.62855726987197        1.39027318015854        1.37124991665681     
   1.49380440909302        1.42075805083053       0.855618413799459     
  -5.73568321336309      -6.573026314743101E-002 -0.133423314058568     
  0.606714694235133        1.25107848403193        1.33617599265441     
  0.567327641974822       0.425314655793691       0.943652791582752     
  0.627949260033239       1.271595078372386E-002 -0.349861289147313     
  -2.12324850219174       0.199079699269020       0.804362076000492     
  0.794036055109237      -0.820962747233926        1.08227921246576     
   1.63176329601891        1.40942506221450       0.193076708778681     
   1.67455073541302        1.58023791805860      -0.102574720191120     
  0.602186434785005       -1.48803618306413       0.271687722673822     
 -6.420696972045814E-002   1.07615120664474       0.621033037529827     
 -0.429564629930491       -2.17441232076473       0.604789384914400     
  -1.70595507001252        1.32673368927703        1.21901481089521     
  0.663012049338206        1.50618003853779       0.484732331475678     
   1.03639980559373       0.733937889499867       0.376354050245849     
 -7.414908952602906E-002   1.05362107080247        1.17507354667720     
  0.120451049586274        1.42446762256565        1.09220449112481     
 -0.367940695737792       0.815158141586761       0.520470260870884     
  -1.23253332104668       0.444428594955314       0.957053410966216     
  0.375725156693748       0.782542982267817     
   1.81627198931551       0.884934272977614        1.44868291392532     
   1.36333293306103       0.623544247765845        1.34145571489270     
 -8.334792373297921E-002  0.655701095324968       0.101686884117682     
  -1.22010882386740       0.457273044284758       0.705796100763381     
 -0.328479160609652       -1.65245737022508       0.107758710334674     
  -1.10528594264278        1.26031612243208        1.40166043203323     
 -0.602986568186971       0.897742572066445       -1.83215117966234     
   1.00600313395811       -1.70595514277908        1.52554951831534     
   1.48866657995139       0.241684826289801        1.53051117353991     
  0.869583108549291       0.966175886304118        1.35500279375578     
  0.753205875568901      -0.789250419372296       0.748690812767926     
   1.22343332026284        1.27085289108258       0.255736647278184     
  0.985486200796541        1.34068378553725       0.312083824106817     
   1.13144184377036        1.51958452711740       0.867372930294598     
  0.902698605525436        1.59342093281329        1.49732189494520     
  0.985364955666894       0.483118947314766       0.120008537606880     
  0.156819962014048        1.45814868504635        1.81161809858014     
   1.67451102110966        1.01475904637039       -1.97061982716975     
  0.655772786275136        1.06785315367203        1.23043209944424     
   1.22708796520800        1.20801132333494        1.31315853698484     
   1.40890055692841        1.29354532890044       0.828596821204930     
 -0.283154493851033       -2.86011055097407      -0.283154493940235     
  0.828596851458942        1.29354537759892        1.40890061731296     
   1.31315859265981        1.20801133781047        1.22708792743392     
   1.23043204712681        1.06785313566094       0.655772856235373     
  -1.97061819901905        1.01475905834306        1.67451105165606     
   1.81161811108243        1.45814865082117       0.156819707445409     
  0.120008649047948       0.483118870310021       0.985364881465486     
   1.49732186622501        1.59342092201148       0.902698607474364     
  0.867372892990683        1.51958449315076        1.13144178455458     
  0.312083950033279        1.34068381502796       0.985486222122653     
  0.255736700909090        1.27085293188748        1.22343334760400     
  0.748690794816560      -0.789250575781006       0.753205848408997     
   1.35500277510946       0.966175924521505       0.869582987262052     
   1.53051111848910       0.241684686415599        1.48866660395165     
   1.52554953950501       -1.70595515763275        1.00600316630186     
  -1.83215062398005       0.897742711170280      -0.602987364065869     
   1.40166044225093        1.26031623410461       -1.10528447147469     
  0.107758677551014       -1.65245655193401      -0.328479270208328     
  0.705795970167094       0.457272880407870       -1.22010936181256     
  0.101686830958153       0.655701049230977      -8.334770147500500E-002
   1.34145578612878       0.623544435466244        1.36333288552926     
   1.44868292252196       0.884934217518671     
   1.36559801375200       -1.89743104840191        1.59369371742542     
  0.782596705527538        1.53496211816371        1.47091802597807     
  0.972318652057365        1.62414808370805       -1.51663875897641     
   1.56209893702014        1.25369335717755       9.373629547140133E-002
  0.906542655473905       0.366143735963371       2.633234366231515E-002
  4.216939164847563E-002  -1.31892887799193       0.239044961980044     
 -0.343824816836763       -1.08088672691097       0.416835447610427     
  0.437643825160718       0.604789366325328        1.48866657455857     
   1.11898018336411       0.755946074483586        1.53944579767124     
   1.16253653260498      -0.800079385849494       0.722593464714640     
  6.952591508747712E-002  0.142745028460576       0.598527091950152     
  -3.00873278682706        1.14923558159854        1.51133739491421     
   1.07465648284204       0.310228373349531        1.43614052988394     
   1.53539146726229        1.08498776180070      -0.264746030744997     
   1.30283084386804        1.34922229242243       0.180022704687039     
  0.649519239487052       0.655133813615369      -0.221974581405107     
  0.315552728083989       0.903414276952664       0.104646177764998     
  0.966012573198482        1.39460917389395        1.02593617409982     
  0.307443962076899       0.339559797649822      -0.242388704134534     
  0.835126132550120        1.52581967036113        1.51208710395148     
   1.19577328444176        1.23866825507742        1.65770078840207     
   1.94313294559165        2.02980237984514        1.94313293684871     
   1.65770075880086        1.23866817337938        1.19577317868486     
   1.51208704444403        1.52581965222360       0.835126188746770     
 -0.242389053769589       0.339559650031963       0.307443887386788     
   1.02593616081817        1.39460916119663       0.966012537054556     
  0.104646262601315       0.903414274253653       0.315552642665650     
 -0.221974760780015       0.655133794002983       0.649519270321959     
  0.180022635814099        1.34922228704522        1.30283085500774     
 -0.264745873371818        1.08498771015015        1.53539142916576     
   1.43614049256163       0.310228332363550        1.07465643459807     
   1.51133733013431        1.14923547820473       -3.00873868884126     
  0.598527077191048       0.142745037343588       6.952568302328233E-002
  0.722593319300600      -0.800079583820532        1.16253646886751     
   1.53944574607113       0.755945997641726        1.11898022772828     
   1.48866661105471       0.604789394547364       0.437643946420960     
  0.416835557104753       -1.08088732404487      -0.343825326881100     
  0.239044954809478       -1.31892688768464       4.216899382506630E-002
  2.633234542568251E-002  0.366143906500988       0.906542692350945     
  9.373614733654306E-002   1.25369341178584        1.56209895801728     
  -1.51663890926297        1.62414808217559       0.972318613502305     
   1.47091808850831        1.53496219815488       0.782596599324556     
   1.59369374004015       -1.89742855611377     
  0.113232577312227       0.374216124604242        1.16705272409564     
 -0.433520033677071        1.52760493129430       0.788412866702686     
   1.49803262522079        1.61230288600215       0.447368605293835     
   1.74301067681706        1.25010770294837       0.348388011199392     
  0.472099984102075       0.383841789305204       0.496746713888001     
  0.482414430325728        1.26512552405510        1.04423233634958     
 -0.341656151111999       4.325905951002935E-002 -2.699358780562061E-003
  -2.80043237665241       -2.17441331188670       0.241684790453334     
  0.755946013709971       1.586890743204348E-002  0.295156493036039     
  0.345437791832547      -6.948847044880792E-002  0.799681233885651     
  0.515769694035033      -0.352171719864969       -1.04594677972097     
  0.886960424611349        1.51556964648929        1.32631981276918     
  0.264037436461271        1.54394572636690        1.16618399289213     
  0.538372996210434        1.33010902383610       0.951524213531534     
  -1.68408238823490        1.01733438439936        1.55275141198519     
   1.60465702631306       0.958031380377755      -1.801633447979542E-002
  0.712763946900840       0.899214613336599        1.55152774392170     
   1.91140899443368        1.62185149924873      -0.778348040521239     
   1.27290909671554       0.953357065428843       0.550523982304589     
   1.31524625793831        1.72084200476070        1.58096644131309     
   1.09715185091923       0.897315381326674       0.970468136662568     
  0.681870695371527       0.289847014957120       0.681870640030926     
  0.970468064807259       0.897315279024843        1.09715176841187     
   1.58096641075443        1.72084200176182        1.31524627661139     
  0.550524030009158       0.953357094297549        1.27290912617247     
 -0.778347727184726        1.62185149305359        1.91140899593007     
   1.55152773303417       0.899214563555383       0.712763937541995     
 -1.801610565342186E-002  0.958031267724355        1.60465698939197     
   1.55275140048094        1.01733438927758       -1.68408206166399     
  0.951524193257239        1.33010902645051       0.538373098444513     
   1.16618391134184        1.54394569325012       0.264037525997477     
   1.32631973010245        1.51556958557211       0.886960403753423     
  -1.04594611866723      -0.352171956580255       0.515769745531473     
  0.799681314370766      -6.948845025128249E-002  0.345437912486971     
  0.295156566066700       1.586899801265367E-002  0.755946038397432     
  0.241684685880221       -2.17441203825623       -2.80042744072530     
 -2.699051339755979E-003  4.325906376474455E-002 -0.341655725384708     
   1.04423237948320        1.26512548088123       0.482414335802961     
  0.496746600469701       0.383841519984566       0.472100139043268     
  0.348388032794165        1.25010770180942        1.74301065741942     
  0.447368426054790        1.61230294688261        1.49803267943323     
  0.788412868492395        1.52760497821292      -0.433519802124827     
   1.16705279384914       0.374216374650759     
 -0.703908854520903       -2.51585359915783       -2.81557857947696     
  0.334645046822603       0.460948201501193       0.100606161064335     
   1.04381123510587       8.840226692051301E-002  0.803509775256477     
  0.500815306459862       0.826093309001988        1.20910642833691     
  -2.96776565657946        1.31028067633548        1.22841110792810     
  -1.94070261336405       0.989799708726772       0.734555728734882     
  -1.04776995805603       5.582924751871365E-002  5.609230853065201E-003
  0.772663487310617      -0.429564251115783        1.53051115355587     
   1.53944574798346       0.295156666796462        1.81669574176882     
   1.56533159817553       0.311761996467162        1.31987718961114     
  0.118829102045613       0.586670575369424      -0.174969759110466     
 -7.956213272495574E-002 -0.334998729631097       0.412698872339028     
   1.32824027225948        1.23814909758784       0.818142637450202     
   1.88762144078674        1.68909076895649       -1.08367193836835     
   1.39571029528976        1.34947979069457       0.919330057153484     
 -3.078354492739957E-002  0.516443961660209        1.14687844009930     
  0.788573032578185       -1.24230870958066      -0.422624812023415     
  0.391888984465047       0.288059847321428        1.59320019400543     
   1.60963409267136       0.156569791124127       0.886281210424471     
  0.814729673239780       0.728253013338765        1.32748246368028     
   1.57176288819923        1.41299913663534        1.49011540196967     
   1.95946236263839        2.16998263492468        1.95946237307335     
   1.49011542684655        1.41299915728374        1.57176288844500     
   1.32748243174444       0.728252918448108       0.814729635243323     
  0.886281247705568       0.156569702057370        1.60963410992364     
   1.59320022896477       0.288059867306809       0.391889102943145     
 -0.422624649282388       -1.24230918543857       0.788573018626315     
   1.14687853081820       0.516444276114571      -3.078397308218905E-002
  0.919330021655692        1.34947980776729        1.39571032473169     
  -1.08367132764269        1.68909075908565        1.88762146725830     
  0.818142834748062        1.23814898503598        1.32824023847622     
  0.412698940718964      -0.334998582114279      -7.956225390643325E-002
 -0.174969414513050       0.586670711834893       0.118828969867878     
   1.31987716378019       0.311761867896574        1.56533162019912     
   1.81669572370812       0.295156393117938        1.53944578986076     
   1.53051113268633      -0.429564618313141       0.772663463671792     
  5.608964097376692E-003  5.582932552085843E-002  -1.04777063806350     
  0.734555809029159       0.989799709843275       -1.94070212723007     
   1.22841103275622        1.31028058897682       -2.96777204946725     
   1.20910644038303       0.826093348531699       0.500815157422321     
  0.803509603391293       8.840280461333731E-002   1.04381141776375     
  0.100606437173914       0.460948244351958       0.334645111216249     
  -2.81557279174401       -2.51584739347195     
  -1.75607960683286       5.298332077132213E-002  0.737473546103381     
 -0.639718908880337       0.942070453202680       0.933864633219684     
  0.440567882294754        1.42044205592247       0.685132088640453     
   1.26875040732453        1.66915029699997       0.983918610200053     
  0.413531226969176       0.810687199228151       9.615169756865516E-003
 -0.652891311188696       0.246498461842914       0.645350113824605     
  0.702322156685408       0.231751491596913       0.264333514677127     
   1.14445363207336       0.621032841788436       0.869583103577007     
   1.16253648769849       0.345437966596370        1.56533162687195     
  0.935358006714569        1.04913174644391        1.02594069252972     
  0.861883854777692        1.38063294997762       -1.71445475948676     
   1.44046437349442        1.36811372220334       0.665100834368357     
  6.686942423974511E-002 -0.515516454859172        1.24043593041616     
   1.37849913887904      -0.634741852794834        1.54536587355528     
   1.22444262739047       0.860662083822818        1.63299261370667     
   1.48387517531790        1.10326662576603       0.582934673572506     
  0.317886555503471        1.51123854777673        1.70153199362224     
   1.49913873654875        1.30521025783072        1.11518705581230     
  -1.73280499933157        1.33035420614363        1.57386304140728     
   1.32774895186792        1.38426335790669        1.72775695044880     
   1.62819291313627       0.543091420978967       -2.05151818954209     
   1.08151571338252        1.59829407664502        1.08151572207777     
  -2.05151842018835       0.543091391255803        1.62819287737165     
   1.72775688811368        1.38426325635786        1.32774890786527     
   1.57386307293639        1.33035425537112       -1.73280409113696     
   1.11518714550157        1.30521026549228        1.49913867384729     
   1.70153195061394        1.51123855120342       0.317886585528122     
  0.582934829399196        1.10326676474338        1.48387521807688     
   1.63299259343220       0.860661997701303        1.22444266245434     
   1.54536588872541      -0.634741838099497        1.37849918824170     
   1.24043605111886      -0.515515499063383       6.686909332531882E-002
  0.665100722416684        1.36811366994665        1.44046432560871     
  -1.71445596618353        1.38063297200968       0.861883917911833     
   1.02594060323145        1.04913165742894       0.935358033566355     
   1.56533158472000       0.345437704781399        1.16253652193863     
  0.869583002814740       0.621033019433212        1.14445364859644     
  0.264333359839592       0.231751603027983       0.702322137524661     
  0.645350092660050       0.246498495088881      -0.652891387467610     
  9.614973465334064E-003  0.810687136474782       0.413531258696698     
  0.983918564207368        1.66915029001632        1.26875041942878     
  0.685132030933496        1.42044199810632       0.440567616450688     
  0.933864730665852       0.942070429716859      -0.639718544159378     
  0.737473517424474       5.298312148716559E-002
  0.894053062967718       -1.55149349659594       0.918765865318392     
  -1.45096796652008        1.31556033470439       0.939580965248861     
   1.22190449507612        1.62921854751668      -0.626690493292459     
   1.44816536456892       0.840300092916035        1.12334798185327     
   1.08681665929771       0.869424248709189        1.47070576017598     
  2.450567489296665E-002   1.10972925120973       0.896442471162647     
  -2.02921056844062       -1.19713283584644       0.205042984550366     
 -0.390574243409507        1.07615108895734       0.966175827388391     
 -0.800079735545129      -6.948852015384165E-002  0.311761867671200     
   1.04913170120421        1.26201849047640      -0.555031070105409     
   1.34961010588859        1.28871473232939       0.232300897792803     
   1.28327849980703      -0.130310988769024        1.18781684720934     
   1.28487953939464       0.535346766152811      -0.436372219640535     
   1.10108865795955        1.66808720532906        1.54434307786411     
  0.103909183929948        1.79458389389035        1.70878820795689     
  4.709004807736524E-003  0.908482655602910       0.732681069655511     
  0.469065902273273       0.934743548425881       0.979671474442652     
 -0.399720786725617       0.730105376977760        1.24633617030640     
   1.43979203025195        1.27575313552680       -1.60980664445275     
   1.28326279574526        1.33041378165569       0.568462563838880     
  0.802820187533456        1.75374667096776        2.06719518974103     
   1.91601660632432        1.71036802340168        1.91601661444446     
   2.06719519733204        1.75374668231008       0.802820282235292     
  0.568462841918269        1.33041392316340        1.28326286931994     
  -1.60980543498886        1.27575320154621        1.43979200968453     
   1.24633608354208       0.730105355308201      -0.399721425087802     
  0.979671356701909       0.934743558285119       0.469065984488757     
  0.732681019867878       0.908482588627712       4.708847392070090E-003
   1.70878814148475        1.79458384893826       0.103909162960491     
   1.54434305838149        1.66808719318833        1.10108862419187     
 -0.436372586640068       0.535346902302206        1.28487960273219     
   1.18781695400591      -0.130311587403466        1.28327842785144     
  0.232300952696197        1.28871467544928        1.34961009152805     
 -0.555031446594195        1.26201844006846        1.04913170873718     
  0.311762038449939      -6.948832142999896E-002 -0.800079380528155     
  0.966175968372661        1.07615120138889      -0.390574117860182     
  0.205043104206968       -1.19713229528700       -2.02920986966950     
  0.896442517599473        1.10972930476720       2.450559127723277E-002
   1.47070576673377       0.869424226435650        1.08681673643685     
   1.12334806870995       0.840300008388049        1.44816532320744     
 -0.626689907717325        1.62921857596209        1.22190448700184     
  0.939580984251183        1.31556030328005       -1.45096685793922     
  0.918765867409061       -1.55149268493520     
   1.35403569725659       0.360985130995381       0.928506050698083     
  0.384821752317572       0.833621871678662       0.612999945705217     
  0.713596346922566       0.739394682918381       0.783425319706166     
   1.01530671582247        1.13803020585573        1.90247465694761     
   1.14478295692039        1.53091184492185        1.72338393321635     
  -1.26969652083110        1.14295354460711      -0.222883897061951     
   1.47322006298085       0.695354538218920        1.27958473152425     
   1.37195071857107      -6.420723922271440E-002   1.35500274803788     
  0.722593335133012       0.799681276092775        1.31987715678432     
   1.02594062815642      -0.555031205500833       0.513181673517749     
  0.607805698148854      -0.892411236172412       0.757750744741384     
 -0.667809856919828        1.25141101500995        1.59537353541692     
   1.01769372341257       0.375171289361119        1.21224063074719     
   1.19845603775888       0.741226222650234      -5.893818734261311E-002
   1.27493873162504        1.12830653835567       0.741999942070013     
   1.82837031667119        1.76932355983248       0.473520884374391     
   1.07800827642411        1.39289033861877        1.41163067622214     
   1.51140249098387        1.50675409117727        1.18170054471790     
  0.119732448070709       0.633611138278764        1.53961471706194     
   1.87825077701698        1.81094653510182        1.36078207163008     
  0.917253641419353        1.15803896265961        1.35323263251114     
   1.14947965217692       0.895881230231136        1.14947970196029     
   1.35323266347143        1.15803895523331       0.917253640622508     
   1.36078214238352        1.81094661194685        1.87825082482209     
   1.53961470471690       0.633611034483881       0.119732324134984     
   1.18170043909402        1.50675406474188        1.51140253599423     
   1.41163071928921        1.39289031324522        1.07800821698674     
  0.473520880594620        1.76932356205771        1.82837036641363     
  0.742000210664949        1.12830644793427        1.27493876044984     
 -5.893791973832958E-002  0.741226182260748        1.19845604251288     
   1.21224063974716       0.375171322338134        1.01769373530573     
   1.59537358513704        1.25141112893597      -0.667810294930870     
  0.757750886139312      -0.892409608609197       0.607805534439506     
  0.513181690270219      -0.555031363052717        1.02594066253342     
   1.31987720299641       0.799681296577950       0.722593428436718     
   1.35500281987631      -6.420696904568836E-002   1.37195070153449     
   1.27958472725634       0.695354559666940        1.47322006292735     
 -0.222884102327386        1.14295360563253       -1.26969691938433     
   1.72338393901890        1.53091183595401        1.14478302676747     
   1.90247469259965        1.13803027239154        1.01530663017402     
  0.783425156205663       0.739394848673347       0.713596433304071     
  0.612999910082676       0.833621831342763       0.384821807979138     
  0.928506024855230       0.360985231037046     
  0.932593106658903      -0.165804171676693       0.733011046884424     
  0.703495907492806       -1.84016108299642      -0.650729895047663     
  -1.53645016069466       0.543647485263972        1.18159616131664     
  0.425460612027475        1.16779674747663        1.45160402871219     
  -1.37142599628385        1.29228708908554       0.508002363828818     
   1.22361640864382        1.19731466826716       0.914924801969500     
   1.71732936182449       0.973296323077742        1.25745760393178     
   1.54454699153956       0.271687795870263       0.753205858164164     
  6.952575346250338E-002  0.515769728648537       0.118828993456366     
  0.861883899265915        1.34961008901197       0.607805602896837     
  0.886487140134032        1.33076784222293       0.541614663172479     
  0.696168780539097        1.01216832719122       -1.36235019137884     
   1.08293103794612        1.24090967679730       0.204888039376074     
  0.946253454218442        1.52571730055302        1.47795313579051     
  0.488826209630845        1.13747110677076        1.73409763829994     
   1.59913086987627       0.225491034015691        1.11638693708398     
   1.43810936188276        1.21573872023639       0.758126871426546     
 -1.417812403758308E-002  0.126600786637805        1.19675109503806     
   1.46767766877960        1.20481902121097      -0.116809375190118     
  0.374881890469230       0.781622483914907        1.02291705421006     
   1.42272010825632        1.75965685309030        1.92065844102066     
   1.94587396534995        1.93490597494696        1.94587393736405     
   1.92065842427746        1.75965688175575        1.42272017696136     
   1.02291705766078       0.781622306963207       0.374881587028541     
 -0.116809198954900        1.20481903366395        1.46767773275832     
   1.19675124160713       0.126601115080990      -1.417816734615173E-002
  0.758126863716950        1.21573867687078        1.43810934198722     
   1.11638696667019       0.225491032560447        1.59913093432785     
   1.73409771461643        1.13747116795065       0.488826299181499     
   1.47795316734329        1.52571730018974       0.946253444264381     
  0.204888015701127        1.24090968341428        1.08293106219185     
  -1.36234991837605        1.01216838750758       0.696168767628405     
  0.541614923046801        1.33076798299302       0.886487261521736     
  0.607805637376886        1.34961012364614       0.861883903030937     
  0.118829073328144       0.515769755479279       6.952576495766025E-002
  0.753205865868492       0.271687768274303        1.54454696847403     
   1.25745754278728       0.973296411979210        1.71732937644559     
  0.914924760123992        1.19731471237463        1.22361640810625     
  0.508002467368309        1.29228711961448       -1.37142558101481     
   1.45160407081782        1.16779680263711       0.425460485793600     
   1.18159609052496       0.543647330085941       -1.53645115488965     
 -0.650729942587357       -1.84016155679227       0.703495853153512     
  0.733010961179014      -0.165803958827064     
  0.129598224167138      -0.336470256852459       -2.23341693925487     
  -2.34864711974357       1.894756936948787E-002  0.154475066813457     
  -1.10915226974166       0.487481541400342       0.151371390373452     
  -1.02055626714935      -0.821905170812589        1.03586056110303     
   1.24566207968610      -0.657251552282523        1.30441927006928     
   1.46355789173554       0.580504681999262       0.270899367429670     
  0.399417118198043       -1.86986927846835      -0.554276891530749     
  -2.16297243709193       -1.48803643390363      -0.789250785935141     
  0.142745015730857      -0.352171741386351       0.586670598982038     
   1.38063293626442        1.28871466081730      -0.892409934949507     
   1.33076791243684        1.03987250418758       0.437460595598031     
   1.01666315225566       0.125459939056281        1.56789379491458     
   1.52120897739110       3.459797279121683E-002   1.06745158819813     
   1.43698646862762        1.31041937725719       0.225941460649025     
   1.03399560069922        1.42082406996479       0.128321569144629     
   1.48301377950348        1.82970606542346        1.32359776299005     
  0.277550875507881        1.40593311132977        1.52284201439504     
   1.46843114864789        1.43288010729797        1.37918584395190     
   1.02473371615526       1.137368266681219E-003   1.67772600456668     
   2.03497520569415        1.87093099694549        1.26004207964080     
  0.890338175865205        1.38123111228932        1.57654693975321     
   1.26798784474993       0.886504278796861        1.26798778118313     
   1.57654692046359        1.38123118330141       0.890338385718252     
   1.26004214835172        1.87093097287530        2.03497516559216     
   1.67772595818409       1.137049546140756E-003   1.02473389073031     
   1.37918599547334        1.43288022000210        1.46843120706723     
   1.52284205037014        1.40593313936079       0.277550812768416     
   1.32359782181352        1.82970607410117        1.48301371727511     
  0.128321960520273        1.42082410287912        1.03399558558321     
  0.225941418505214        1.31041934275216        1.43698647808883     
   1.06745167949090       3.459772695854050E-002   1.52120897833543     
   1.56789381194294       0.125459973950966        1.01666311528820     
  0.437460383709268        1.03987261960546        1.33076792496134     
 -0.892410862355983        1.28871476716806        1.38063301128825     
  0.586670698299501      -0.352171737134569       0.142745195495364     
 -0.789250069422368       -1.48803704623561       -2.16297488821203     
 -0.554277612508541       -1.86986680832431       0.399417134124895     
  0.270899227509259       0.580504786341752        1.46355789359358     
   1.30441922220041      -0.657251012378241        1.24566209566669     
   1.03586051293417      -0.821905794558325       -1.02055561469988     
  0.151371255511134       0.487481461442515       -1.10915246906878     
  0.154474968932353       1.894729393490142E-002  -2.34865214728294     
  -2.23341336986850      -0.336470470679790     
   1.16089699381344       6.368118452395070E-002  0.997691430166659     
  0.956119482052397      -0.443869827855371       0.605212655835503     
  -1.62323644498654       -2.02936519926827       0.935138466723862     
   1.12362327277749       0.455192949969652        1.68341553781915     
   1.24047705818556        1.08231649110318        1.45015254913454     
 -0.322159305272764        1.31029051910384       -1.29963115651424     
   1.59314676000801        1.21992133081097        1.09475220820567     
   1.60406815980227       0.602186411606160       0.748690742759534     
  0.598527067728646       -1.04594688233609      -0.174969849649209     
  -1.71445360078571       0.232301139860776       0.757750928259524     
  0.541614875020218       0.437460479699754        1.37918592362403     
  0.873562408920891       0.995501372281126        1.37170387685656     
  -1.16576174936660        1.42774582454857        1.10948645665538     
  0.397198582699487        1.27614348381766        1.26915333005284     
   1.11947491362318      -0.174783269040219        1.46095721088491     
   1.98350394290723        1.60732059824141       0.749765393840557     
   1.78220525104761        1.64147143920786       0.988060228857145     
 -0.274071495668246       0.294143598955681        1.10461160247551     
   1.18564247982988       0.897704578492226       0.878088086199581     
  0.926055978241708       -1.12461854598548        1.54096326337137     
   1.85702762945317        1.67255180412586        1.62157805455345     
   1.99985789755321        2.19415656821443        1.99985792099343     
   1.62157806924053        1.67255175891420        1.85702756776423     
   1.54096321078042       -1.12461826963610       0.926055885684292     
  0.878087990742893       0.897704466298856        1.18564235207221     
   1.10461143096697       0.294143220972670      -0.274070962991916     
  0.988060318404357        1.64147145181507        1.78220522244114     
  0.749765246329888        1.60732061109700        1.98350391192593     
   1.46095714384356      -0.174783124643001        1.11947491732384     
   1.26915337062189        1.27614353428617       0.397198519685846     
   1.10948658200608        1.42774590314477       -1.16576144725661     
   1.37170389813258       0.995501381582990       0.873562423416482     
   1.37918591930970       0.437460468104121       0.541614772769312     
  0.757750729888058       0.232300651243921       -1.71445817344853     
 -0.174969278291736       -1.04594647017350       0.598527194394935     
  0.748690894391771       0.602186368352841        1.60406820277502     
   1.09475230573232        1.21992130539491        1.59314678858425     
  -1.29962975583097        1.31029045003694      -0.322159612559438     
   1.45015255421480        1.08231645468366        1.24047707755332     
   1.68341551814979       0.455192781602029        1.12362333318303     
  0.935138490619043       -2.02936504034774       -1.62323712236338     
  0.605212497792991      -0.443870726577369       0.956119658459545     
  0.997691521039578       6.368112579097730E-002
   1.10553756974648      -0.474877504421900        1.15783180165561     
  0.957630048468149       0.119209031909374       0.535573877709618     
  0.224673689316019       0.405618805674157       0.938321680538279     
   1.43160448802687      -0.337766155167801        1.12784848259984     
  -1.65437392102250        1.50778555053178       0.805268279016349     
   1.74429176115515        1.97848739471051       -1.19741094897483     
   1.90524229128133        1.33822112243196        1.41919356434785     
   1.58393416366045      -0.102574617701124        1.22343330819874     
  -3.00873472565077       0.886960369117839      -7.956197972704925E-002
   1.44046438366453        1.28327850228733      -0.667809731589735     
  0.696168727569197        1.01666311911072       0.873562392302236     
  -2.69537142086225       0.795793935941959       -1.27183746424932     
   1.59944674777469        1.67916849901050      -0.163025774462194     
   1.82047347903082        1.68120540186397      -0.159417738731494     
  0.742755285539274       0.677306784464448       0.649008963651379     
 -0.238501944292239        1.24963887578806        1.80626704183776     
   1.25338816619175        1.17758822153540        1.75621411984639     
   1.52450639863939        1.40817941918257        1.64466310737693     
   1.32681173952931       0.785754197019913        1.80299820612888     
   1.80823112334808        1.65778673627908        1.74330822235816     
   1.70616836357147        1.22416666532352       0.864232863743755     
   1.48319921588963        1.78069977037784        1.48319924573679     
  0.864232890967169        1.22416662412955        1.70616832897402     
   1.74330821348714        1.65778675802994        1.80823114586249     
   1.80299821832362       0.785754225489149        1.32681171309712     
   1.64466308317124        1.40817938325635        1.52450635858220     
   1.75621409004764        1.17758821735671        1.25338809452945     
   1.80626699106757        1.24963883898275      -0.238502149394292     
  0.649008880229595       0.677306796132421       0.742755329504644     
 -0.159417712890272        1.68120541157513        1.82047346388024     
 -0.163026145372170        1.67916853066222        1.59944674512267     
  -1.27183779677021       0.795793902892392       -2.69537613350725     
  0.873562453434146        1.01666314401719       0.696168776927554     
 -0.667810263251269        1.28327841062030        1.44046428796197     
 -7.956246742986305E-002  0.886960428191414       -3.00873996444768     
   1.22343335786629      -0.102574740457581        1.58393422790343     
   1.41919362460490        1.33822112990367        1.90524232031231     
  -1.19740980838688        1.97848736063959        1.74429170161281     
  0.805268439515020        1.50778558015972       -1.65437400394994     
   1.12784845058341      -0.337765782108163        1.43160451495049     
  0.938321638811749       0.405618978742418       0.224673957353810     
  0.535573592383029       0.119208404006984       0.957630249948366     
   1.15783185626885      -0.474877398009778     
  0.293754439076638       -1.93434416746775       0.281207320342071     
  -2.74315326842306       0.805466704669830       0.377157302106340     
  0.843333260414442        1.28110094191739       4.848294445770846E-002
  0.791851818404128       0.466991362579041       -1.41321777884932     
  0.472656766768693        1.28254949670290       5.383990684301165E-002
   1.52275049385712        1.59299723780054      -3.376701092469250E-002
   1.42355994894831      -0.923085926792071        1.32514766178960     
 -0.437772973568070        1.58023795216642        1.27085290331529     
   1.14923553809523        1.51556960643780      -0.334998559952209     
   1.36811369852845      -0.130311302737015        1.25141107599296     
   1.01216837441862       0.125459886471026       0.995501370257838     
  0.795793946334764      -1.618868620765933E-002  0.499663858388436     
   1.24799947757436       0.537906305463273        1.27515602156562     
   1.55658041988570      -0.272042325597357        1.79205668506641     
   1.65031587148801       -1.15286799709728        1.42723784943519     
   1.64098415017754        1.67868713565809        1.17871716219587     
   1.29308656168395        2.10097260776209        1.82853143832219     
 -0.226786738014877        1.27125562094840      -0.120584714951886     
  -1.38887000477913        1.35891742800307        1.80212693260754     
   1.14996795967858       0.826680071403732        1.40527218614462     
   1.52458640523807        1.85747776942046        2.06573660494579     
   1.98742263849564        1.86685382024611        1.98742263172924     
   2.06573660696631        1.85747778589276        1.52458641564694     
   1.40527214847457       0.826679935505646        1.14996803349906     
   1.80212694085966        1.35891739986174       -1.38886863377602     
 -0.120585095647731        1.27125556778458      -0.226786757424915     
   1.82853142695002        2.10097261369447        1.29308664199138     
   1.17871704049377        1.67868708903444        1.64098413314792     
   1.42723783647213       -1.15286861412466        1.65031590704663     
   1.79205671432518      -0.272042040529539        1.55658038879483     
   1.27515600197039       0.537906253389099        1.24799943020766     
  0.499663803462426      -1.618878914211722E-002  0.795793876769679     
  0.995501350695979       0.125459962065715        1.01216833299425     
   1.25141105805219      -0.130311335191053        1.36811367079289     
 -0.334998795033474        1.51556961332839        1.14923551171385     
   1.27085290341038        1.58023789739013      -0.437772075115269     
   1.32514773417178      -0.923085757413066        1.42355998955736     
 -3.376687175165305E-002   1.59299720419112        1.52275040585600     
  5.384050292482035E-002   1.28254958301483       0.472656812462589     
  -1.41321821670925       0.466991482197056       0.791851838372348     
  4.848324118451576E-002   1.28110106041192       0.843333454604313     
  0.377156944158727       0.805466455908242       -2.74316364956993     
  0.281207326694771       -1.93434224813162     
  0.231797897812997      -0.932004814646083       0.227695433211883     
  0.566376803676364       0.426367191173966      -3.163168950152476E-002
 -0.476234489292578       0.841620940187036       0.989057600659935     
  0.249387124719048      -0.882342962807076       -3.25684221819654     
 -3.926009446806073E-002 -0.539917751118555      -9.792479513465363E-002
  0.658534341575492       0.945474532180538       0.776705567223541     
 -0.110023108730374        1.31927322328730       0.958626925769630     
   1.12644384076926        1.67455078450008       0.255736694713805     
   1.51133736683671        1.32631977375832       0.412698885809616     
  0.665100752441739        1.18781690639539        1.59537356060003     
  -1.36234973171824        1.56789377980989        1.37170386515406     
  -1.27183766829546       0.499663800701758      -0.542037383967044     
  0.865009457284660        1.08304850339658       0.894486900313018     
  5.032729799513611E-002   1.67304797913627        1.82226853477308     
  0.570569184536125        1.41207824574118        1.44395358767951     
 -0.482707077099033       0.817433419990698        1.11177931145875     
   1.42434364266199        1.28947543964910       0.868792075135863     
   2.10548561971511        2.14284848365903        1.29444753582226     
  0.103675743571544       6.849873445742841E-002  0.526016630229422     
   1.70762104526819        2.10403986836321        1.93764032715597     
   1.45315609277969        1.36618115347862        1.59960925222015     
   1.58370846751084        1.48343243532829        1.58370847189391     
   1.59960928131252        1.36618121689510        1.45315612129689     
   1.93764030411189        2.10403982629267        1.70762098518198     
  0.526016549390188       6.849892719522829E-002  0.103676197052458     
   1.29444739502322        2.14284844365129        2.10548560398505     
  0.868792071948795        1.28947545881769        1.42434369449073     
   1.11177941386388       0.817433557143735      -0.482707565476751     
   1.44395355051887        1.41207821948667       0.570569265619228     
   1.82226856778371        1.67304802907937       5.032751972597811E-002
  0.894486909126245        1.08304857144285       0.865009545269639     
 -0.542037248733557       0.499663836009971       -1.27183753779490     
   1.37170388702074        1.56789380869023       -1.36235029315648     
   1.59537355551792        1.18781690139266       0.665100779501581     
  0.412698944124568        1.32631974689154        1.51133734917732     
  0.255736624026766        1.67455072325162        1.12644368754461     
  0.958627022358249        1.31927319627769      -0.110023376130083     
  0.776705593945057       0.945474553923189       0.658534517195593     
 -9.792416048722405E-002 -0.539918368688857      -3.926009466363709E-002
  -3.25684168585472      -0.882342389895766       0.249387038082460     
  0.989057683322338       0.841621119257439      -0.476233835940298     
 -3.163196534451800E-002  0.426367029208133       0.566376730531921     
  0.227695552179522      -0.932005578774540     
   1.02363443931293      -0.409179826819863       0.814617502986260     
 -0.352817093420928       0.848280917360437      -3.911643446164852E-002
   1.07157052500135        1.03251543118667       5.798975515489629E-002
  0.817352112163093       -1.31545124331562      -6.595234639775854E-002
  0.961577102697609        1.45463815421031      -0.190891413310506     
   1.56484057218962        1.69961973250648       0.237322806758342     
   1.29800149943396        1.29576852834503       -1.76572689844061     
   1.03651813333990       0.193076971119866       0.985486201618813     
   1.07465647084068       0.264037431748010        1.32824023748540     
  6.686923550281429E-002   1.28487954664875        1.01769367502046     
   1.08293107475739        1.52120896770373       -1.16576124356902     
   1.59944674684548        1.24799943532158       0.865009518995896     
   1.50275388910723       0.754723468589676       0.713471759760224     
   1.25382639419161       0.859780182598517       0.515595941516870     
   1.61635845273852        1.53203788650764       0.381290249506082     
   1.92003918055634        1.92453360277578       0.824067718279120     
   1.11834132014516        1.58303867186046        1.68206400543004     
   1.58281868668298       0.659801397206627        1.05786565829986     
   1.50119969515185        1.27679681820687        1.18186730568315     
   1.39560941523476       0.944024746746704        1.11433714081378     
   1.94677550069988        2.03203566083302        1.93585517684717     
   1.98087581625059        2.04997503824965        1.98087581168123     
   1.93585514927200        2.03203561723294        1.94677546518692     
   1.11433715957480       0.944024610632254        1.39560933357690     
   1.18186727941903        1.27679689213342        1.50119981097770     
   1.05786587037645       0.659801164619009        1.58281865610155     
   1.68206400375604        1.58303867571373        1.11834132851273     
  0.824067714198408        1.92453361437316        1.92003920687184     
  0.381290384038223        1.53203788164872        1.61635846216897     
  0.515595909727462       0.859780254190023        1.25382642414206     
  0.713471725656133       0.754723545773295        1.50275390676604     
  0.865009503982743        1.24799945115921        1.59944674098677     
  -1.16576172026515        1.52120897586939        1.08293102713127     
   1.01769376851198        1.28487959297593       6.686926902036305E-002
   1.32824028095415       0.264037585896045        1.07465643772211     
  0.985486223368568       0.193076725982322        1.03651801350639     
  -1.76572799859034        1.29576847243713        1.29800142145195     
  0.237322884898571        1.69961972616878        1.56484059683630     
 -0.190891823682602        1.45463812985811       0.961577165406094     
 -6.595250736175744E-002  -1.31545048909229       0.817352014586883     
  5.798975572160695E-002   1.03251537982022        1.07157051483863     
 -3.911655945300408E-002  0.848280893829222      -0.352817134155539     
  0.814617516687044      -0.409179980763068     
   1.15555399101210       -1.44405752309286        1.12167086019700     
 -0.670805228921554        1.61369700694047        1.10137532027420     
   1.36893456756089        1.62079012856217       -1.44548735658705     
  0.897753963454257       0.471593956487084        1.32746213360306     
  -1.03821741602931        1.49090022807496       0.932489170067063     
  0.934760056978906       0.812868544725007       0.908669196555233     
   1.20385107066623       9.824212502491630E-002   1.29129616439411     
 -0.452803100723331        1.40942503095461        1.34068380721899     
  0.310228291061603        1.54394568668993        1.23814900242823     
 -0.515515852883037       0.535346771018037       0.375171450918709     
   1.24090971703530       3.459785668768978E-002   1.42774587662847     
   1.67916851886267       0.537906253658569        1.08304855811388     
  0.754723513834641       0.990906667334670        1.47079013881864     
  0.237204285638916        1.40519564555968        1.80639711697349     
   1.52580702925966       -1.55692253831536        1.47108191271725     
   1.68471306738602       0.760286928726826        1.40286928646036     
   1.89117984583328        1.47689680465201       0.734775405817200     
   1.90952197343830        2.07175442120170        1.77267768454756     
  0.648580070142979       0.743357333577118        1.23713855194600     
   1.44002281053619        1.79744792535693        2.05852246313740     
   2.01771699481099        1.67504623596246        1.40352983075152     
   1.61619333949766        1.77918145376517        1.61619334321616     
   1.40352980241440        1.67504618618884        2.01771696691132     
   2.05852246514138        1.79744795878934        1.44002284921520     
   1.23713852118692       0.743357114442487       0.648580418126036     
   1.77267777035110        2.07175445599152        1.90952198654086     
  0.734775402870921        1.47689682659010        1.89117988091345     
   1.40286936490032       0.760286853101342        1.68471309065746     
   1.47108196192918       -1.55692294512790        1.52580705411327     
   1.80639713744388        1.40519566823385       0.237204168844436     
   1.47079010095733       0.990906625986236       0.754723501050576     
   1.08304852688729       0.537906276693422        1.67916850774876     
   1.42774585576385       3.459782249622365E-002   1.24090964951748     
  0.375171194603948       0.535346882754641      -0.515516095950619     
   1.23814907727474        1.54394572609162       0.310228352403003     
   1.34068380713771        1.40942504850319      -0.452803361636318     
   1.29129615809602       9.824234409436153E-002   1.20385099139545     
  0.908669177559148       0.812868475070139       0.934760037816703     
  0.932489116047065        1.49090022171113       -1.03821642938918     
   1.32746205864039       0.471593936490262       0.897753894623022     
  -1.44548674130907        1.62079013290491        1.36893460043931     
   1.10137524250050        1.61369699036815      -0.670804780570375     
   1.12167076665635       -1.44405633899390     
   1.14051237399916       -1.20115768192704        1.38193859146524     
  0.220563947986651        1.44791852420018        1.21721252627520     
  0.886868079326924        1.15507950303163       0.698299096317800     
   1.29759393904991       0.317094323752793        1.60359916179460     
   1.02592989972914       0.566290194257591       0.566923495893686     
  -1.53556767287816       0.843501661924353        1.46655762233826     
  0.167350633238059        1.58920642244449        1.58148082435794     
  0.569823140201497        1.63176330011090       0.312083942789339     
   1.43614049562884        1.16618391260451       0.818142828503752     
   1.24043603871333      -0.436372486782375        1.21224064943885     
  0.204888059961781        1.06745164537716        1.10948654727958     
 -0.163026089889023        1.27515599814197       0.894486906858102     
  0.713471740967118        1.47079013660219       0.924786741385367     
  0.971311415407704        1.53462434976465       0.576540081143891     
   1.30506141001841        1.58432241529847       0.278205066975913     
   1.37731979058502        1.73396248246696        1.49972249826263     
  0.450751004524867        1.07944381720044        1.86554359440732     
   2.01530223484624        1.51965850636397       0.613582273936704     
   1.71697619781012        1.72077558667633        1.40161145252305     
   1.16581260595671       0.890678334805685      -3.312783270150030E-002
   1.71431596002997        2.16325400756749        2.20068211871460     
   2.01046959119141        1.86885349037630        2.01046958515496     
   2.20068211860185        2.16325401379170        1.71431596065850     
 -3.312799613530260E-002  0.890678402940618        1.16581260317693     
   1.40161138602213        1.72077550591655        1.71697611159819     
  0.613582060242108        1.51965853764636        2.01530224152121     
   1.86554360425664        1.07944381673770       0.450751162782159     
   1.49972257464923        1.73396251326772        1.37731975577397     
  0.278205320072165        1.58432244581602        1.30506139452639     
  0.576540203390220        1.53462440950939       0.971311554761387     
  0.924786617244006        1.47079011069253       0.713471758524029     
  0.894486895349365        1.27515601959993      -0.163025867864081     
   1.10948649916681        1.06745162828294       0.204887984306170     
   1.21224062031399      -0.436372296696388        1.24043593797705     
  0.818142649589919        1.16618396619695        1.43614049575990     
  0.312083913676815        1.63176328146576       0.569823114412060     
   1.58148082130052        1.58920643434974       0.167350529366690     
   1.46655763669000       0.843501775616967       -1.53556660168636     
  0.566923430708994       0.566290119317988        1.02592984307203     
   1.60359909713668       0.317094126917123        1.29759395712067     
  0.698299125430092        1.15507948063868       0.886868101022555     
   1.21721247872583        1.44791851902857       0.220563672170853     
   1.38193847280757       -1.20115939647345     
   1.11054936266918      -0.568565041737812        1.18593225195634     
   1.00936674279540      -0.326528936247754       0.339996128292331     
 -0.497479368348336       -2.72843043133673        1.12117353034839     
   1.30087689484204      -0.307265843563283       0.785779869087985     
  0.473969761511490      -0.621673994712071       0.351627019006053     
  0.328051941786992       0.531036316855382        1.07267238277253     
 -0.150102060434809        1.46495923465005       0.831537837340630     
   1.16857850705847        1.08227924464820        1.13144180363423     
   1.53539145528720       0.538373065054899        1.88762147499782     
   1.37849921033410        1.10108860081427        1.19845602807121     
  0.946253454204427        1.43698647927863       0.397198498033957     
   1.82047345341251        1.55658038027937       5.032746595278038E-002
   1.25382641220790       0.237204302010423       0.971311411381241     
   1.22998711306893       -1.04328259390215        1.60610033334800     
   2.00138369529478        1.44918267925385        1.40590273466973     
   2.05657176589454        1.48389819690648        1.27344162476919     
   1.88236830345884        1.49286576606896       -5.46777073310305     
   1.34989615182232        1.89140634540623        2.04328233064783     
   1.64303849243594      -6.211494470175422E-002   1.54513081947253     
   1.59693775201590        1.61793352183747        1.94533957661041     
   2.16312503395904        2.08662283519321        1.80491045147406     
   1.58109613463242        1.53406598083004        1.58109614292708     
   1.80491045931090        2.08662283311093        2.16312501919506     
   1.94533955031249        1.61793350524465        1.59693777931919     
   1.54513088670879      -6.211446886955940E-002   1.64303844667039     
   2.04328232261234        1.89140634942217        1.34989613857356     
  -5.46763028119433        1.49286581602616        1.88236830922419     
   1.27344158888133        1.48389821263954        2.05657175253399     
   1.40590268711548        1.44918270404753        2.00138369122445     
   1.60610030093830       -1.04328131686665        1.22998723018105     
  0.971311528691186       0.237204225565244        1.25382641701041     
  5.032738427962738E-002   1.55658041835302        1.82047348230600     
  0.397198587767717        1.43698647188679       0.946253464097317     
   1.19845603559865        1.10108867958408        1.37849910383054     
   1.88762142574988       0.538373029878323        1.53539143254969     
   1.13144181777687        1.08227916574722        1.16857846110503     
  0.831537814412837        1.46495922158489      -0.150101989254043     
   1.07267238661918       0.531036448425303       0.328051780295649     
  0.351627061527620      -0.621673506049149       0.473969786736110     
  0.785779766587502      -0.307265362437725        1.30087695883637     
   1.12117361094939       -2.72842389613345      -0.497479537712737     
  0.339996036140296      -0.326529112299541        1.00936669156778     
   1.18593214704170      -0.568564376526331     
  0.383524888545528       0.266361709461681      -0.814353089179921     
  0.252784163876695       0.751848125241027       0.341177569849952     
 -0.919893331727348      -1.814156796330508E-002  -2.34731409212726     
 -0.617980504161528      -0.177928017755529       0.920680377558214     
  0.973313511895908      -0.820276721185592       0.890787958396745     
   1.04412594819020       0.289780495708425       -1.44557645085018     
 -0.185876892760782       -1.12688101756510       0.908962622608309     
   1.23084009157078      -0.820963074667389        1.51958451773383     
   1.08498778966252        1.33010899671586        1.68909076843026     
 -0.634742036126906        1.66808719728896       0.741226242509758     
   1.52571727370201        1.31041932667158        1.27614352401308     
   1.68120539686042      -0.272042006061476        1.67304801316075     
  0.859780213895795        1.40519564898255        1.53462435329811     
  -1.04328253829137        1.21069466084952        1.23278231229052     
  0.523115365644830       0.562947157740754        1.46765340481135     
   1.16280847489537        1.26564926307687        2.08453183172632     
   1.78148565253146       0.890023499984565        2.03921996598114     
   2.06624609159861        1.71285982815605       0.662441634042507     
   1.34228867551354        2.03378106463251        1.98914349763956     
   1.26374892684980       -1.23368014121579      -0.186188297505225     
   1.24031133339232        2.07812324241463        2.32389438040929     
   2.14625815855905        1.93282251006904        2.14625813678328     
   2.32389435828875        2.07812322824485        1.24031134973207     
 -0.186188156642209       -1.23367981437903        1.26374900487558     
   1.98914354107061        2.03378109292431        1.34228868232076     
  0.662441718179332        1.71285985354107        2.06624608639183     
   2.03921993210391       0.890023337433706        1.78148569048754     
   2.08453183919105        1.26564926167811        1.16280847841266     
   1.46765341389571       0.562947205130974       0.523115318289016     
   1.23278228535159        1.21069460535377       -1.04328158863737     
   1.53462437888785        1.40519563809315       0.859780238669576     
   1.67304799674762      -0.272042300649839        1.68120541091993     
   1.27614349793259        1.31041938532429        1.52571732949187     
  0.741226139514132        1.66808719896008      -0.634741533120280     
   1.68909074555491        1.33010903035655        1.08498771816218     
   1.51958452679575      -0.820962249011992        1.23084005327032     
  0.908962681679225       -1.12688149659627      -0.185876619231475     
  -1.44557466079138       0.289780518251223        1.04412586735773     
  0.890787890303694      -0.820276911331675       0.973313465097742     
  0.920680379632126      -0.177927829334249      -0.617980961845511     
  -2.34730990821621      -1.814129426708249E-002 -0.919893108511869     
  0.341177704906559       0.751848256275690       0.252784284997975     
 -0.814352931071480       0.266361801149129     
   1.14041207533606       -5.91298674300317        1.37403358526331     
  0.889133360471166       0.797597713486627       0.745304698775794     
  0.520480876065007       0.332821873760817        1.21569824020082     
   1.58600861986418       0.233456973735844        1.22093639255469     
   1.18389986662540      -0.313606344726710      -0.404076006303061     
 -0.958262146615165       1.216023226404916E-002  0.520904158589871     
  -1.40035733481117       0.946478186829971        1.18789041982549     
  9.604429952942098E-002  0.794035997734056       0.867372934782073     
 -0.264746237732963       0.951524145714811       -1.08367148985887     
   1.54536588422653        1.54434309073934      -5.893833930296843E-002
   1.47795309119666       0.225941200286997        1.26915339700751     
 -0.159417677179146        1.79205670749555        1.82226855576738     
  0.515595944102478        1.80639713135199       0.576540135657776     
   1.60610031749882        1.23278228743900        1.46245683727624     
   1.97122940375763        1.41610601825960       0.442311418802199     
   1.50307844159694        1.64506830943186        1.13598301676039     
   1.09957720450565        1.92943455762581        1.60435492452784     
  0.891439508440261        1.93025301204584        1.95968517213377     
   1.73683971757915        1.24615242319121       0.609477652933087     
   1.89240462750938        2.04092247235775        1.82950777649090     
   1.95633230004838        2.32666627848262        2.31972184655716     
   1.64828924019184       0.398504758238195        1.64828918361733     
   2.31972181085121        2.32666625235070        1.95633228305474     
   1.82950776557543        2.04092245109069        1.89240458070235     
  0.609477422360575        1.24615249483156        1.73683971884887     
   1.95968514936729        1.93025298926923       0.891439520999702     
   1.60435487346563        1.92943451075796        1.09957711394362     
   1.13598305125824        1.64506830380050        1.50307841178644     
  0.442311270631957        1.41610605795507        1.97122941005328     
   1.46245683242813        1.23278228608286        1.60610031492641     
  0.576540083178640        1.80639710520452       0.515595877371154     
   1.82226854681463        1.79205669390802      -0.159417784289713     
   1.26915331870913       0.225941582225098        1.47795319311926     
 -5.893780200777338E-002   1.54434304198921        1.54536587159912     
  -1.08367185404955       0.951524246486938      -0.264745853547462     
  0.867372951213440       0.794036094200875       9.604433122906630E-002
   1.18789052557188       0.946478280412974       -1.40035573947030     
  0.520904514390720       1.216052382175309E-002 -0.958263086021762     
 -0.404076836263670      -0.313605976909298        1.18389985160321     
   1.22093636074643       0.233456999643918        1.58600861056894     
   1.21569821665850       0.332821924939859       0.520480860497718     
  0.745304773027948       0.797597809557818       0.889133303625901     
   1.37403358203864       -5.91294479320831     
   1.86554503230868       0.751128927252691        1.58660818465979     
   1.24807410063409       0.953722437731191       0.742221788082107     
   1.22156207525870        1.19098849465335        1.01198438702461     
   1.52782233660652      -0.162561363684692       0.682088451560953     
 -9.648049835645727E-003  0.861591269065955       0.381788029222840     
   1.36764305170597       0.455672447179327       0.679911243632750     
 -0.450283768939152       0.746418889176914       -1.03269417094489     
   1.14183336976676       0.804362011788886       0.902698601200022     
   1.30283081955158       -1.68408156642892        1.39571030583675     
   1.22444263752349       0.103909094300320        1.27493869699263     
  0.488826109428933        1.03399566229546        1.11947495997940     
  0.742755277976152        1.65031589093106       0.570569240740252     
   1.61635845877634        1.52580705107820        1.30506138291436     
   2.00138368085867       0.523115259836248        1.97122941789575     
   1.94782650734615       0.269948231467487        1.88503042294807     
   1.51906654769704       0.680996753787548        1.80122328094273     
   1.90878527172757        1.22307868267436        1.56350588058492     
   2.31545783437317        2.22012773952416        1.01809407790055     
   1.45573055474345        1.87180974035406        1.98066710827306     
   1.95851482613197        1.27464207299209        1.24092236661846     
   1.85140802730013        1.70284342444922        1.81639034915790     
   2.33724964884462        2.55889061708034        2.33724967108303     
   1.81639041016636        1.70284348765061        1.85140806022063     
   1.24092239700491        1.27464204760886        1.95851480199538     
   1.98066707134415        1.87180970130879        1.45573053290687     
   1.01809403682936        2.22012772556169        2.31545783605788     
   1.56350592862854        1.22307858472388        1.90878523720484     
   1.80122326556577       0.680996787368257        1.51906650827113     
   1.88503039183987       0.269948102075009        1.94782651011641     
   1.97122941322223       0.523115282309751        2.00138368954850     
   1.30506142788743        1.52580701105327        1.61635844453904     
  0.570569207339515        1.65031588458641       0.742755331378009     
   1.11947488689576        1.03399556546074       0.488826304928116     
   1.27493877162790       0.103909275682822        1.22444261592664     
   1.39571027539480       -1.68408374456555        1.30283087977367     
  0.902698596725133       0.804362061888018        1.14183331383545     
  -1.03269213823533       0.746419098244332      -0.450283518973591     
  0.679911514672738       0.455672253739507        1.36764311748677     
  0.381788436087913       0.861591122058352      -9.648063342163551E-003
  0.682088399063157      -0.162561340414413        1.52782232834472     
   1.01198438760698        1.19098847995656        1.22156206819646     
  0.742221763349173       0.953722390241534        1.24807414769144     
   1.58660821776654       0.751128869658237     
   1.76344615906342       0.602726929537555        1.41611162086935     
  0.506009042335353        1.43238756875656       0.968272336181442     
   1.31413191359149        1.39767273959465      -0.593394668696537     
 -0.203363736792143        1.12943055991288       0.604988529548504     
   1.49014733250362        1.62938185590183       0.454507686809447     
   1.61744898849649       0.268764915192627        1.12109644834623     
 -9.406482022923232E-002  0.643254602706513       0.621024548635911     
   1.57416522070894       0.199079572886208        1.59342092592566     
   1.34922226514106        1.01733440766692        1.34947978661211     
  0.860662077029813        1.79458387379307        1.12830647665627     
   1.13747115365858        1.42082409201561      -0.174783155491789     
  0.677306766241635       -1.15286821709973        1.41207822566524     
   1.53203787691960       -1.55692258327868        1.58432241543531     
   1.44918267453683       0.562947200648039        1.41610603528439     
  0.269948210761543        1.92853291002057        1.71602185399573     
  0.946050107706640        1.97129448766326        1.69784493093084     
  -1.90479666432818        1.52533143378397        1.79986824549385     
   1.41334161503287        1.06085258302475        2.16574239960571     
   2.22002737238349        1.47345501455560       0.673544072998124     
   1.48501738924730        1.84187511475433        2.23947834325679     
   2.40301314364538        2.25983130517855        1.99341282646797     
   1.94895716149252        2.00850802153963        1.94895718322021     
   1.99341286338380        2.25983133601383        2.40301316191889     
   2.23947834563557        1.84187509414622        1.48501736600647     
  0.673544125426875        1.47345496489964        2.22002736132192     
   2.16574241029423        1.06085264928901        1.41334160996503     
   1.79986828033342        1.52533150872287       -1.90479335286550     
   1.69784490905173        1.97129449863679       0.946050208980274     
   1.71602180659217        1.92853288198579       0.269948073356183     
   1.41610607319485       0.562947290135846        1.44918266999616     
   1.58432243819670       -1.55692342340286        1.53203787899861     
   1.41207824672533       -1.15286807149009       0.677306797360222     
 -0.174783245457845        1.42082408785711        1.13747115028668     
   1.12830648200717        1.79458387070644       0.860662062637736     
   1.34947976450376        1.01733431137781        1.34922233120177     
   1.59342093667072       0.199079649611708        1.57416520501403     
  0.621024336694686       0.643254815774846      -9.406488320886594E-002
   1.12109652450745       0.268764808249415        1.61744902978997     
  0.454507947902094        1.62938182363138        1.49014734616348     
  0.604988491636071        1.12943059078092      -0.203363955087836     
 -0.593394738002362        1.39767272675767        1.31413192463616     
  0.968272245116732        1.43238748845988       0.506009268030786     
   1.41611167924800       0.602726851010505     
  0.569900527097945       4.651839349450036E-002   1.11654403585862     
 -0.126066406874633        1.50684610580173       0.810596522330474     
  0.920071989518938       0.346953749522430       0.704908164566233     
  4.969651095167601E-003   1.65909751412675        1.13842835242985     
   1.39135003121389        1.51282979948155       0.536784062207365     
   1.23814022026755       0.745508181875059        1.46754198291926     
 -0.404591685767653        1.36146570534914       -1.32644507624076     
   1.34592947201491       -2.12324705716636        1.49732186256510     
  0.180022516512039        1.55275142760972       0.919330041250116     
   1.63299260895511        1.70878817041898       0.742000114287688     
   1.73409768361905       0.128321752998193        1.46095717789347     
  0.649008895649884        1.42723785030507        1.44395355774905     
  0.381290378369138        1.47108193875649       0.278205148260378     
   1.40590270587810        1.46765337390630       0.442311498718281     
   1.88503043033643        1.71602185444705       0.811382086301561     
   1.98370896018022        1.50728345187420        1.50179542059106     
   2.13317101334502        1.65761083447360        1.05277091605049     
   2.07364110673578        2.23936445016177        1.98939861125091     
 -0.193638622208876        2.01509142375303        2.36046522184231     
   2.06077753151622       0.810552296660009       0.764613804404825     
   1.23525081674044        1.68335990653884        2.15516411168737     
   2.43483252870142        2.52067557221425        2.43483252160859     
   2.15516408928822        1.68335985207703        1.23525074503758     
  0.764613806917557       0.810552177692526        2.06077750408241     
   2.36046522232017        2.01509144686919      -0.193638749076035     
   1.98939863558391        2.23936448040362        2.07364112655744     
   1.05277088262675        1.65761088281203        2.13317104101122     
   1.50179544261595        1.50728348339614        1.98370900319708     
  0.811382273698633        1.71602179745559        1.88503038428465     
  0.442311220875241        1.46765344737500        1.40590273477799     
  0.278205199679980        1.47108194551785       0.381290287197199     
   1.44395359470584        1.42723786367759       0.649008920948021     
   1.46095718975031       0.128321710654126        1.73409767205332     
  0.742000072143517        1.70878817473289        1.63299260759844     
  0.919330000509364        1.55275137159418       0.180022840733020     
   1.49732189782181       -2.12324809963471        1.34592951454678     
  -1.32644465397289        1.36146571235968      -0.404591641279519     
   1.46754198385880       0.745508139630448        1.23814028444471     
  0.536784195938679        1.51282979921993        1.39135006946611     
   1.13842832725916        1.65909753460406       4.969837271487587E-003
  0.704908153357559       0.346953700743400       0.920072007656223     
  0.810596429220812        1.50684605963014      -0.126066565049220     
   1.11654404082473       4.651837733386480E-002
  0.429745294823943       0.688453870339585       0.414336124750677     
  0.252179230585397       0.670036055231890       3.736155260402287E-002
  0.651401293546046       0.864417556725751        1.59811196956347     
  0.555609195545001        1.28143383889308        1.02371981217798     
  0.488494061563466       3.288532232921807E-002   1.06833926552109     
  0.499509735168140        1.36149021327118        1.37879343578385     
  0.916414593906055        1.63516585798773       0.258312371178731     
  0.875906219618515      -0.349861232400556       0.985364857664911     
  0.649519341736578        1.60465702412823      -3.078372570900930E-002
   1.48387518780122       4.708774398423132E-003   1.82837036965742     
   1.59913093129108        1.48301373612239        1.98350392589338     
 -0.238502081818497        1.64098413849065      -0.482707558663627     
   1.92003921106229        1.68471308300801        1.37731978581533     
   2.05657175296816        1.16280840236228        1.50307848433333     
   1.51906655888416       0.946050134346030        1.98370896931380     
   1.61858843743689        1.32220133062362        2.18714328318333     
   1.88493799892806       0.984732656829139        2.13146699062447     
   1.94110602512310       -1.08747944725466        1.89655633380592     
   2.17232363375466        2.06360750415420        1.44827799727351     
   1.12332102902857        2.21376010852179        2.47985040241885     
   2.41923792941814        2.22461691658046        2.13484366542991     
   2.20846697399062        2.26414711276375        2.20846697005015     
   2.13484365252900        2.22461689682511        2.41923791528112     
   2.47985040138285        2.21376012307330        1.12332106083486     
   1.44827803349350        2.06360753732780        2.17232364322115     
   1.89655629679806       -1.08748142317432        1.94110607455468     
   2.13146700876382       0.984732660084687        1.88493800765754     
   2.18714328444838        1.32220129065351        1.61858849403368     
   1.98370900641210       0.946050221385374        1.51906651235791     
   1.50307841684063        1.16280849330436        2.05657176181097     
   1.37731976658415        1.68471308040533        1.92003918178590     
 -0.482706977413480        1.64098416469229      -0.238502065431729     
   1.98350393848499        1.48301377825105        1.59913087553988     
   1.82837032540877       4.708996482591675E-003   1.48387520081980     
 -3.078379865980342E-002   1.60465699037585       0.649519178187325     
  0.985364955378412      -0.349861143188816       0.875906309542164     
  0.258312069246064        1.63516580769071       0.916414555815840     
   1.37879341040361        1.36149014738611       0.499509972868564     
   1.06833936894802       3.288521177424381E-002  0.488494115812015     
   1.02371978265126        1.28143384330896       0.555609182533700     
   1.59811198363374       0.864417600689608       0.651401289279594     
  3.736159635048841E-002  0.670036096678961       0.252179438122790     
  0.414335928477046       0.688453784352263     
 -0.617881908553390       -1.84645190962583       0.178527872175823     
 -7.387558507219055E-002  0.514231319991499        1.26701965820343     
  0.830617069973668       0.742710296587677        1.37272366308871     
  0.835330457707580       -3.89122636360096      -0.810418687134639     
 -0.393637436909174       0.649862716952926        1.17758439692742     
 -0.458315748675766        1.06372208549338       0.410628727943994     
   1.01876256745091        1.01061116698843       0.221049922943502     
  0.769776433225654       1.271583325637533E-002  0.483118828390005     
  0.655133800659588       0.958031296600324       0.516444156659072     
   1.10326669492310       0.908482657142842        1.76932358266358     
  0.225491131330933        1.82970606841999        1.60732061483220     
   1.24963883934574        1.67868709497754       0.817433569179020     
   1.92453362971764       0.760286906084219        1.73396250754351     
   1.48389819878060        1.26564930909133        1.64506833235364     
  0.680996787830364        1.97129451040475        1.50728348613438     
   1.32220130918479        1.90929822318269        1.05153611215926     
   1.58057846072688        2.04783854356379        1.45831355100872     
   1.61956594428483        2.40451101436180        2.34545062945433     
   1.13094190770733        1.88459683104336        2.29438831646193     
   2.14520316199687        1.69484890687684       0.773591297118290     
  0.942625307136538        1.95336017138760        2.34445317320202     
   2.48139367764411        2.50691421545300        2.48139367496782     
   2.34445316967413        1.95336017026370       0.942625311795214     
  0.773591311694667        1.69484891589825        2.14520315444280     
   2.29438829124514        1.88459678372370        1.13094193793778     
   2.34545060886984        2.40451098312969        1.61956587581103     
   1.45831361432037        2.04783856783845        1.58057848144949     
   1.05153611181617        1.90929822450087        1.32220130558090     
   1.50728347229629        1.97129448710004       0.680996705067496     
   1.64506832571743        1.26564927589058        1.48389819662193     
   1.73396248860483       0.760286897545054        1.92453359541788     
  0.817433404860173        1.67868713786573        1.24963887168879     
   1.60732060913662        1.82970607666072       0.225490991075906     
   1.76932355555259       0.908482619438510        1.10326668303138     
  0.516444077031249       0.958031339820384       0.655133786253296     
  0.483118970655628       1.271613697940735E-002  0.769776390978578     
  0.221050068400599        1.01061108020704        1.01876253517230     
  0.410628619737018        1.06372196225281      -0.458314748376351     
   1.17758455690619       0.649862931533917      -0.393637733140493     
 -0.810418715639192       -3.89122271559680       0.835330487409032     
   1.37272368728106       0.742710326684879       0.830617081432578     
   1.26701965990953       0.514231223425498      -7.387524132337135E-002
  0.178528089428247       -1.84645091156668     
 -0.670634783277199       0.443288383729294       0.890992674962619     
 -0.173089688765290       0.693299400876389       0.770934397340639     
 -0.514954636898056      -0.576362023313344       0.744096686288490     
  0.587305813365863       0.375883323422113        1.09824651167265     
  0.138869002775242       0.516024900241996       8.741834060143287E-002
  0.125120688026858      -0.914809500826936       0.734126121926247     
  0.395485949806201       0.878085449592201        1.32676192761282     
  0.244246696952553       0.627949131614262       0.120008615638666     
 -0.221974961550246      -1.801599360610608E-002   1.14687851666840     
  0.582934788417361       0.732681001237130       0.473520801972044     
   1.11638700029506        1.32359783794866       0.749765238190824     
   1.80626700009561        1.17871707406372        1.11177940244330     
  0.824067768620515        1.40286931875536        1.49972254075818     
   1.27344162122017        2.08453184972517        1.13598305183967     
   1.80122329276544        1.69784495907792        1.50179539138693     
   2.18714327206860        1.05153607778444        2.05836419407213     
   2.27283217234691        1.16972842862163        1.79149345052838     
   2.17474575192918        1.80649576768385       0.607332798280026     
   2.23452629666467        2.50911921340954        2.11208654520862     
  0.950855340137049        2.34892838190418        2.53872144377609     
   2.46219649678462        2.39100016381800        2.39148187806804     
   2.38570714093185        2.37247083745153        2.38570713218703     
   2.39148186351779        2.39100014937106        2.46219648756953     
   2.53872143782360        2.34892837570622       0.950855336461505     
   2.11208653550931        2.50911920824261        2.23452630452494     
  0.607332918245136        1.80649574932815        2.17474575268995     
   1.79149344861161        1.16972846358272        2.27283217880722     
   2.05836418227262        1.05153616391055        2.18714330006112     
   1.50179546852423        1.69784488614715        1.80122324602965     
   1.13598305881990        2.08453183317125        1.27344160364813     
   1.49972252516661        1.40286931560110       0.824067690461135     
   1.11177932051881        1.17871713433077        1.80626702627491     
  0.749765365004055        1.32359774987508        1.11638688350756     
  0.473521005607563       0.732681104015280       0.582934696075101     
   1.14687844484313      -1.801642049237029E-002 -0.221974492792651     
  0.120008614362521       0.627949316510730       0.244246372331736     
   1.32676188913777       0.878085463213936       0.395485936955599     
  0.734126180203649      -0.914810394765142       0.125120260150613     
  8.741890679315494E-002  0.516025223408981       0.138868677487319     
   1.09824645901710       0.375883256496341       0.587305852159249     
  0.744096713396873      -0.576361813484567      -0.514954307756510     
  0.770934466407027       0.693299430745554      -0.173089727945180     
  0.890992635878270       0.443288305251249     
  0.636741712760121       -1.57025384869527       0.506596900513232     
  -1.99381278919474      -5.348176927826078E-003  0.756869313804643     
   1.33458004634581      -0.890880634668284        1.69000343374112     
   1.49992554329023       0.306880675230859        1.10660342714094     
 -0.801222865944061       0.355163699965330       0.852701666379015     
   1.15024698099665       0.424943399433504        1.36899803226447     
  -2.21985465723497        1.49469915138766       0.993854393220178     
  0.893140054223884       0.943652703359050       0.156819717657605     
  0.315552513404949       0.712763990745604       0.788572999095027     
  0.317886595166469       0.469065843120225        1.07800834859671     
   1.43810942764358       0.277550605403793        1.78220521221086     
   1.25338812234428        1.29308658988021        1.42434366223557     
   1.11834131970428        1.89117986003029       0.450751047047630     
   1.88236832498098        1.78148570153860        1.09957711656956     
   1.90878525759186       -1.90479634010651        2.13317101212721     
   1.88493798244817        1.58057849862488        2.27283218154110     
   1.11723899452007        2.10027592716996        2.18858325510286     
 -0.166801620874256        2.26944856382745        2.37392977060476     
   1.85178671583800      -0.116783035340822        1.98598163382342     
   2.41497025877723        2.37472880827991        1.66958422152578     
   1.19973100991030        2.12123254323122        2.39367366694445     
   2.54840844425785        2.61043464166561        2.54840845244053     
   2.39367368163182        2.12123255802714        1.19973101742478     
   1.66958422437108        2.37472880199020        2.41497024199453     
   1.98598159344597      -0.116783589998369        1.85178677325403     
   2.37392978586177        2.26944854678564      -0.166802284097882     
   2.18858328914317        2.10027593441484        1.11723900148010     
   2.27283216802494        1.58057843284329        1.88493803359798     
   2.13317104681123       -1.90479349627772        1.90878525002049     
   1.09957720041095        1.78148564082852        1.88236829058703     
  0.450751064256160        1.89117985462786        1.11834132643780     
   1.42434365622642        1.29308659572667        1.25338813348200     
   1.78220525323063       0.277551067457845        1.43810927762503     
   1.07800816069010       0.469066011524053       0.317886578037683     
  0.788572997690604       0.712763849994064       0.315552856988009     
  0.156819916645933       0.943652769192470       0.893140179031439     
  0.993854342358618        1.49469915949198       -2.21985393276730     
   1.36899803686761       0.424943441683254        1.15024694624063     
  0.852701575921234       0.355163905953632      -0.801222132464880     
   1.10660335005024       0.306880456088735        1.49992560045032     
   1.69000347112479      -0.890880027466880        1.33457999396022     
  0.756869199436203      -5.347903790641022E-003  -1.99381576878341     
  0.506596706612279       -1.57025223415093     
   1.28727392344853       0.441964268291131       0.103846689006489     
  0.166858368691526       0.789321354287853       0.936554725403270     
   1.73063936586524       0.729879257826562        1.38434311195137     
  0.975123429637795        1.04952482134213       0.659687323761240     
   1.27719696667004        1.08749242866736        1.23216632771089     
   1.42786998109044       0.753692903128511        1.44207477358800     
  0.179785738591927        1.34518924657233       0.513507532195581     
   1.69702911665934       0.425314591718725        1.45814865073941     
  0.903414243062164       0.899214547327501       -1.24231027725356     
   1.51123859504191       0.934743547435716        1.39289037798690     
   1.21573877646775        1.40593308040616        1.64147143409501     
   1.17758820070941        2.10097259790080        1.28947542562998     
   1.58303867660557        1.47689680880745        1.07944383924946     
   1.49286581841472       0.890023337875315        1.92943451122149     
   1.22307860675301        1.52533146837188        1.65761083864089     
  0.984732727785451        2.04783857277957        1.16972844956874     
   2.10027594168225        2.42716338548981       0.988320953637579     
   2.36220230090805        2.53758525151710        1.14410487887877     
   2.29930838458930        2.61524586410919        2.28454372116530     
  0.539141355131191        2.03104652332429        2.58243788572281     
   2.71516029383798        2.62973341087470        2.52110857666216     
   2.54360105140531        2.58729648075482        2.54360105806219     
   2.52110858387819        2.62973340901906        2.71516028179518     
   2.58243786855727        2.03104651336597       0.539141199950030     
   2.28454367579759        2.61524582466363        2.29930833445752     
   1.14410495114169        2.53758523334497        2.36220225797656     
  0.988321083045184        2.42716338049961        2.10027591977927     
   1.16972844341895        2.04783854020625       0.984732597555913     
   1.65761087671517        1.52533147521085        1.22307866322496     
   1.92943456405809       0.890023527802239        1.49286576407688     
   1.07944382575795        1.47689680505338        1.58303867921956     
   1.28947543367671        2.10097261064075        1.17758822786211     
   1.64147145596443        1.40593316895927        1.21573863622789     
   1.39289030378207       0.934743519120203        1.51123851303961     
  -1.24230843098427       0.899214564082696       0.903414338869063     
   1.45814868804762       0.425314618757346        1.69702912512078     
  0.513507444430380        1.34518930436828       0.179785854624614     
   1.44207477404688       0.753692889658426        1.42787000971321     
   1.23216636907157        1.08749240366599        1.27719697510221     
  0.659687238127142        1.04952472930256       0.975123530666836     
   1.38434314945865       0.729879223964632        1.73063935256176     
  0.936554666658335       0.789321436421563       0.166858536361712     
  0.103846510309392       0.441964355124084     
   1.07894526357336       -1.60464873865953        1.11809911434245     
 -0.174280240236019        1.51371504545122       0.573211981261732     
   1.22771870013420       0.798764376198063       0.418321517732942     
  0.281460002660580        1.56808972162456       0.405274154195522     
   1.64555481089095        1.39786815663321        1.11904850465322     
   1.27303389707324       0.969913891194954        1.23348819316655     
  0.944027002118152        1.19531812413013        1.30379391769584     
   1.72123487792085       0.567327625656513        1.81161811002001     
  0.104646234203159        1.55152771355656      -0.422625254537513     
   1.70153201783567       0.979671464013178        1.41163070338684     
  0.758126910120560        1.52284201568001       0.988060254873103     
   1.75621410627065        1.82853143179676       0.868792060270438     
   1.68206399264453       0.734775428339636        1.86554359704265     
  -5.46772410165274        2.03921994768962        1.60435488713551     
   1.56350591369829        1.79986825548833        1.05277096126980     
   2.13146702372798        1.45831361381308        1.79149346166064     
   2.18858329569653       0.988321096305025        1.99814670180934     
   2.18314552821124       -2.39214779847222        2.40611935696054     
   2.59752775057984        1.83037087255939        1.87548514862560     
   2.56050938753256        2.58711003446352        2.20051789668372     
 -0.702240862163296        2.19595164473669        2.61481867814191     
   2.65386817871735        2.61587163307974        2.65386817331736     
   2.61481867264702        2.19595165055800      -0.702241639556861     
   2.20051785823488        2.58711001687584        2.56050938700058     
   1.87548518773474        1.83037080459032        2.59752772348108     
   2.40611934258368       -2.39214496072666        2.18314550420622     
   1.99814670698842       0.988320932441372        2.18858324961030     
   1.79149343948351        1.45831356300909        2.13146698769667     
   1.05277087433962        1.79986826549058        1.56350589527461     
   1.60435492028354        2.03921996137427       -5.46771041647561     
   1.86554360701526       0.734775406755036        1.68206402283619     
  0.868792136163295        1.82853141970772        1.75621409682489     
  0.988060306796144        1.52284205733730       0.758126837517398     
   1.41163071765261       0.979671331501994        1.70153192971905     
 -0.422624387458358        1.55152775096409       0.104646212692437     
   1.81161809890155       0.567327536413643        1.72123487671814     
   1.30379384782649        1.19531821644793       0.944027035460749     
   1.23348822975571       0.969913930269675        1.27303391744628     
   1.11904856625235        1.39786811490528        1.64555479337667     
  0.405274165615812        1.56808971701581       0.281460024271967     
  0.418321427334130       0.798764447990055        1.22771871929413     
  0.573211998283478        1.51371505044286      -0.174280304596379     
   1.11809914022480       -1.60464834294382     
  0.918553712261355       0.444455839895983        1.63869004122753     
  0.515692192021435        1.52064201865189        1.39036953557310     
  -1.34127083465257       -2.45137284011697       0.730558322574470     
  2.245225757752488E-002   1.46098283001587       0.453026288980160     
   1.36697661676011       0.936394252539598        1.09658584123271     
  0.755213196710619        1.19526918665312       0.866409320494393     
   1.34599749029328        1.29914920036585        1.08955904647067     
   1.24129909157858        1.33617599425445        1.67451105261873     
  0.966012565674896        1.91140900082262       0.391889006483129     
   1.49913873192108      -0.399720873452327        1.51140249873326     
 -1.417814440703184E-002   1.46843115925781      -0.274071474415114     
   1.52450641278336      -0.226786990321749        2.10548559487102     
   1.58281864331638        1.90952198655096        2.01530222669949     
   1.34989619095465        2.06624610474202       0.891439491839637     
   2.31545783303964        1.41334159121709        2.07364113642033     
   1.94110607493141        1.61956589399758        2.17474576198652     
 -0.166802285479416        2.36220226259365        2.18314550662424     
   1.35661398984559        2.51440008576049        2.31944659318933     
  0.989925060864693        2.58911262578947        2.68518159899214     
   1.96577065914280        1.69608611502171        2.55764719397319     
   2.81056258115043        2.90227079692209        2.86438691064245     
   2.71006510891271        2.60514302329425        2.71006510464213     
   2.86438690501145        2.90227079333355        2.81056258391708     
   2.55764720806742        1.69608616680789        1.96577062643064     
   2.68518159193375        2.58911262715596       0.989925099186980     
   2.31944658897569        2.51440008805210        1.35661398332541     
   2.18314553284710        2.36220230060405      -0.166801675583658     
   2.17474575051370        1.61956592658477        1.94110603870876     
   2.07364111043549        1.41334162535586        2.31545783966273     
  0.891439529136186        2.06624608521965        1.34989612848300     
   2.01530224561095        1.90952197703171        1.58281869684544     
   2.10548563070160      -0.226786486893485        1.52450634342894     
 -0.274070921485939        1.46843121045982      -1.417817244598265E-002
   1.51140253745332      -0.399721425415073        1.49913867675617     
  0.391889102023639        1.91140900366467       0.966012598694216     
   1.67451100650590        1.33617591113129        1.24129912598540     
   1.08955899182610        1.29914925873430        1.34599749544477     
  0.866409401232749        1.19526924813742       0.755213144780884     
   1.09658583219332       0.936394251394708        1.36697660542506     
  0.453026380188664        1.46098288141128       2.245262695496858E-002
  0.730558154812313       -2.45136862411258       -1.34127065412108     
   1.39036954946172        1.52064201698081       0.515692278664065     
   1.63869007321960       0.444455922257846     
   1.44709843235816      -0.395229358946903        1.47133136430475     
   1.02716591779006       0.684331061417319       0.475491679879551     
  0.372985542811150       -1.06422652599016        1.25669459447368     
  0.882468813684595       0.342173870008957       0.131930291957328     
  0.230912539796274      -0.310130841093291        1.15341096507140     
 -0.329211533888154        1.25632491033532       0.506973102460661     
   1.28591275844198        1.07540446824247       0.787987892974582     
  0.531585487311221        1.25107852585131        1.01475908048038     
   1.39460918682029        1.62185152811313       0.288059735775914     
   1.30521024942483       0.730105349148894        1.50675406712652     
  0.126600944641939        1.43288013753748       0.294143577260420     
   1.40817944799800        1.27125555232185        2.14284845102186     
  0.659801221195227        2.07175444274246        1.51965850715168     
   1.89140636413168        1.71285985235309        1.93025300302948     
   2.22012773667163        1.06085261224677        2.23936446655467     
  -1.08748044266604        2.40451100001556        1.80649576061467     
   2.26944855540720        2.53758524304002       -2.39214652917478     
   2.51440008645612        2.28442020644511        1.72683669478745     
   2.75388231978588        2.64013674622866       0.136036230965877     
   2.60734982312672        2.89200657481225        2.56365457662737     
  0.929207498481160        2.06470184701005        2.58956747875569     
   2.81804960076410        2.89500075747195        2.81804960013893     
   2.58956748128143        2.06470186145904       0.929207440064423     
   2.56365457552276        2.89200658264688        2.60734984280521     
  0.136035875814031        2.64013673126251        2.75388231162956     
   1.72683667898302        2.28442020961516        2.51440008383818     
  -2.39214812615903        2.53758524576573        2.26944855104143     
   1.80649577328253        2.40451100227675       -1.08748058325821     
   2.23936447025539        1.06085262160568        2.22012773339802     
   1.93025299977840        1.71285984411043        1.89140634782433     
   1.51965852369316        2.07175443655785       0.659801315247453     
   2.14284847289077        1.27125562833225        1.40817935996396     
  0.294143236292069        1.43288019757508       0.126600976691656     
   1.50675409078918       0.730105386979644        1.30521027177714     
  0.288059916781736        1.62185149447432        1.39460919017856     
   1.01475899163979        1.25107843984094       0.531585589857371     
  0.787987869408295        1.07540451737754        1.28591278583543     
  0.506973089804872        1.25632492604075      -0.329211782607409     
   1.15341089498915      -0.310131210386638       0.230912625404064     
  0.131930388102503       0.342174079869707       0.882468669738349     
   1.25669452299732       -1.06422670050660       0.372985419519102     
  0.475491810045803       0.684331087833408        1.02716595310467     
   1.47133139156327      -0.395229484721400     
   1.49222510854395       0.900662430507889       3.411462730992575E-002
 -7.751420829174283E-002  -2.30370668679981       0.771402718618030     
   1.36807123405102       0.607557283009941       0.906146044015425     
   1.08259262840515      -0.147552141039450       -1.07346464700489     
  -1.20560928244619       0.442676125315824       0.738891207230767     
 -0.720787516664353       0.915818092285794      -0.267935919724474     
  0.623184729699276       -1.71775594307757       0.916115172622483     
  4.985586949426481E-002  0.606714846892386       -1.97061972558235     
   1.02593617409254      -0.778348193318500        1.59320018517250     
   1.11518706573939        1.24633613800521        1.18170048724265     
   1.19675117181927        1.37918590730937        1.10461155279902     
   1.64466311269560      -0.120584960464506        1.29444746258956     
   1.05786577340247        1.77267773345656       0.613582146718023     
   2.04328232004103       0.662441608632483        1.95968518089268     
   1.01809410895022        2.16574239334553        1.98939860456796     
   1.89655634077138        2.34545062709284       0.607332918679204     
   2.37392979751109        1.14410498584262        2.40611934331668     
   2.31944659163436        1.72683668692878        2.67687152958966     
   2.19539927365070        1.99059577239181        2.79987733901230     
   2.70977736407188        1.38194608992193        2.49758541395735     
   3.05022275753162        3.14143822911247        3.04598629031241     
   2.93170945348126        2.89006385397436        2.93170944676964     
   3.04598628340592        3.14143822643961        3.05022275840602     
   2.49758541343203        1.38194612947082        2.70977737938799     
   2.79987735300413        1.99059579964549        2.19539925774840     
   2.67687152394927        1.72683668581429        2.31944658987544     
   2.40611935449638        1.14410484830108        2.37392975715735     
  0.607332766809979        2.34545061466603        1.89655629063644     
   1.98939864352564        2.16574241498380        1.01809402141784     
   1.95968514233925       0.662441772680623        2.04328234218767     
  0.613582207551994        1.77267772535520        1.05786576821014     
   1.29444746453104      -0.120584857828649        1.64466308048616     
   1.10461148440462        1.37918593274473        1.19675116555115     
   1.18170049777909        1.24633611427166        1.11518713841304     
   1.59320023183595      -0.778347812679980        1.02593618574819     
  -1.97061832876030       0.606714784965114       4.985592041701886E-002
  0.916115170262316       -1.71775525470107       0.623184846999731     
 -0.267936370334110       0.915818018281053      -0.720787322417975     
  0.738891065689107       0.442675910928956       -1.20561015129713     
  -1.07346485413136      -0.147552201523987        1.08259259861841     
  0.906146030815162       0.607557203816331        1.36807116641598     
  0.771402605481783       -2.30370604236654      -7.751407046076200E-002
  3.411474038049798E-002  0.900662417202437     
 -0.587809624458560       -1.66529274033395       0.448693012580849     
  0.817608109983663       0.177603508962656       0.388358486050678     
  0.955721344295131       0.603763898721016      -0.581463280740762     
  -1.47155767147901       -1.17993359732978       -1.75495524550633     
 -0.907975357509970       -1.34820813956527      -0.486378313088574     
 -4.000911038429579E-002  -2.51445336764478       0.206721646309528     
  -3.16914327154884       0.820173371818492       0.653429437119987     
 -0.195953244789233      -0.133422978000329       0.655772772943239     
  0.307443836214812        1.27290912457947        1.60963409284836     
  -1.73280547728477        1.43979204072568       0.119732399640008     
   1.46767771321345        1.02473382205659        1.18564242016132     
   1.32681174136941       -1.38886905903436       0.103675985265290     
   1.50119975675449       0.648580272671871        1.71697613924513     
   1.64303844329277        1.34228872647989        1.73683974489099     
   1.45573052453013        2.22002736196287      -0.193638871993412     
   2.17232365702340        1.13094194909751        2.23452631562693     
   1.85178678836619        2.29930834224827        2.59752773827696     
  0.989925027653984        2.75388231087381        2.19539926326437     
   2.49813775546422        2.99096099930026        2.35858587646011     
   2.21483438176286        2.96052910436666        2.93741432759540     
   2.31458615583598        1.61615311134453        2.74599941934588     
   3.01866055248970        3.07397339756568        3.01866056124477     
   2.74599943732873        1.61615317200207        2.31458613534553     
   2.93741431794498        2.96052909298571        2.21483435697699     
   2.35858588679346        2.99096099971261        2.49813775495645     
   2.19539926622482        2.75388231847982       0.989925105064558     
   2.59752774093545        2.29930838135171        1.85178670153164     
   2.23452628886923        1.13094189133777        2.17232362153912     
 -0.193638528568969        2.22002737167081        1.45573056644628     
   1.73683968756229        1.34228862322341        1.64303849973194     
   1.71697616832119       0.648580234751479        1.50119975315266     
  0.103675943635183       -1.38886963585896        1.32681171458366     
   1.18564241514467        1.02473379148933        1.46767769585950     
  0.119732349015741        1.43979199645399       -1.73280348420379     
   1.60963411178561        1.27290910004292       0.307443983135658     
  0.655772821883069      -0.133422916505309      -0.195953194414533     
  0.653429491614086       0.820173429218305       -3.16914579052453     
  0.206721862862262       -2.51445014222192      -4.000895511257901E-002
 -0.486377694205073       -1.34820674965835      -0.907974842611080     
  -1.75495370952381       -1.17993462096650       -1.47155877472130     
 -0.581463476932736       0.603763837717744       0.955721274646338     
  0.388358388565891       0.177603458129399       0.817608026147437     
  0.448692907093689       -1.66529317466012     
   1.65860333872341        1.09832222888582       0.444643839375193     
  0.869406705595778      -6.536610796265895E-002  0.181399734645552     
  0.963803093178339       0.537738376900722       0.568516410140127     
   1.04479553763693       0.148163817773923      -0.463445184980042     
 -0.752373896803932      -4.052107145308794E-002  0.749183803701535     
  7.042924438788849E-002  0.842362781268070       0.995984665130353     
 -3.473634675736982E-002  0.969860446352063      -0.315404545063632     
   1.20663184386540      -6.573010872653426E-002   1.06785311445806     
  0.339559613167610       0.953357116604853       0.156569725005183     
   1.33035426326949        1.27575320781705       0.633611055036117     
   1.20481904519676       1.137113624073483E-003  0.897704530869633     
  0.785754145878367        1.35891737497326       6.849893140815649E-002
   1.27679686332388       0.743357212948439        1.72077553737884     
 -6.211457674037590E-002   2.03378109413656        1.24615248909629     
   1.87180971853149        1.47345499938044        2.01509143509897     
   2.06360752805796        1.88459680569649        2.50911922052097     
 -0.116783597391641        2.61524584079907        1.83037086066927     
   2.58911261299895        2.64013673028929        1.99059579660084     
   2.99096100336161        2.27140692448716        2.70437795974417     
   3.14932151799529        2.60065302216216        2.12531929903674     
   3.13250033526034        3.37379180467398        3.36034344758407     
   3.21556857054458        3.12013761392254        3.21556857503092     
   3.36034345393063        3.37379181152022        3.13250034406105     
   2.12531933070752        2.60065300168817        3.14932151031398     
   2.70437795966998        2.27140690907857        2.99096099688609     
   1.99059577977324        2.64013674518129        2.58911263605114     
   1.83037083023410        2.61524585196151      -0.116783037035518     
   2.50911920413791        1.88459681000711        2.06360751839240     
   2.01509143920400        1.47345498741140        1.87180973350692     
   1.24615241190276        2.03378106134965      -6.211481582881880E-002
   1.72077554992937       0.743357223463776        1.27679684558254     
  6.849871261145256E-002   1.35891744878803       0.785754250900155     
  0.897704527552091       1.137259811962224E-003   1.20481903271443     
  0.633611148391364        1.27575312486075        1.33035419483391     
  0.156569793276254       0.953357052842562       0.339559806864879     
   1.06785315074912      -6.573002097140945E-002   1.20663184999081     
 -0.315404941737667       0.969860596258611      -3.473601819129049E-002
  0.995984631102792       0.842362718786209       7.042959787277638E-002
  0.749183968255731      -4.052092374719869E-002 -0.752373896709631     
 -0.463444896730861       0.148163500969226        1.04479544836513     
  0.568516391681977       0.537738333170435       0.963803091994720     
  0.181399755171200      -6.536621891527619E-002  0.869406626323969     
  0.444643736205475        1.09832224646825     
   1.44933222604605       0.449627503505045       0.806857551608124     
  -1.60356777340604        1.17194682134673       -1.90939388872958     
   1.55986561787572        1.30768845466932       0.579869750128754     
  0.952066932744140       0.196573208732582       0.579865272689935     
  0.382111953535429       0.403996452874734       0.644358719259914     
  0.463397797243154       0.951903233156252        1.02259592367325     
  0.596556183407974       0.965946808809843       0.882539882287376     
   1.46198275803651       -5.73568889461615        1.23043206493714     
 -0.242388944458667       0.550524009058838       0.886281255898147     
   1.57386308215652       -1.60980491570656        1.53961469373988     
 -0.116809263581796        1.67772597373357       0.878088059159841     
   1.80299818949758        1.80212691593757       0.526016605683044     
   1.18186727278935        1.23713855368251        1.40161141883545     
   1.54513086805745        1.98914353705625       0.609477427955500     
   1.98066707214014       0.673544129537561        2.36046522286423     
   1.44827802146858        2.29438830216533        2.11208654542962     
   1.98598160340895        2.28454369733633        1.87548515624842     
   2.68518158992059       0.136035988625473        2.79987734982131     
   2.35858589304394        2.70437795248990        3.17934284872611     
   2.13877937113804        2.92545467447281        3.29860919266468     
   2.94032531494763       0.728882442261160        2.72968716344139     
   3.25025209265712        3.39214805613945        3.25025209278262     
   2.72968716420687       0.728882420793613        2.94032531335998     
   3.29860919430494        2.92545468252950        2.13877935321923     
   3.17934284999450        2.70437796501442        2.35858587561500     
   2.79987734423821       0.136036137990226        2.68518160356073     
   1.87548518297514        2.28454370061086        1.98598162662079     
   2.11208653087248        2.29438829882894        1.44827802754979     
   2.36046522233306       0.673544030315777        1.98066711798490     
  0.609477664958595        1.98914350546431        1.54513084781370     
   1.40161141450415        1.23713852715562        1.18186729102028     
  0.526016534517914        1.80212695503411        1.80299822063448     
  0.878088056267337        1.67772599044213      -0.116809253286872     
   1.53961473131499       -1.60980705986350        1.57386302902552     
  0.886281177804071       0.550524026528719      -0.242388797505147     
   1.23043208250040       -5.73563751171450        1.46198276510336     
  0.882539794240805       0.965946969982531       0.596556418328250     
   1.02259581890897       0.951903106828241       0.463398074839595     
  0.644358863995282       0.403996511577525       0.382112140079155     
  0.579865232764630       0.196573378598132       0.952066866606100     
  0.579869769811309        1.30768842280156        1.55986561130605     
  -1.90939426256905        1.17194682589824       -1.60356732772817     
  0.806857546783552       0.449627477360635     
 -0.620426555955539       0.959862116967760        1.45570537292497     
  0.418781459839340        1.83778597815066        1.12057181152888     
   1.27591294815471       0.828359724497395        1.13232192274529     
  0.382138473980282        1.44391116802896        1.11703635354627     
   1.26226946787088        1.37007940570442       0.565609179587597     
   1.04576531291027       0.563731440867602       0.757874479930469     
   1.02079440580470        1.12880625729443       0.829162378174402     
   1.13223228740934       0.855618425660961        1.22708795032076     
  0.835126129858890        1.31524624094728       0.814729695135405     
   1.32774894868735        1.28326281043032        1.87825079122164     
  0.374881753716909        2.03497518416260       0.926055938202563     
   1.80823113012491        1.14996801378533        1.70762098494224     
   1.39560932413730        1.44002285448229        1.16581259681449     
   1.59693778911794        1.26374902704691        1.89240456136028     
   1.95851477276149        1.48501742608304        2.06077752930781     
   1.12332101982217        2.14520314713439       0.950855376413272     
   2.41497025151138       0.539141237290348        2.56050939349897     
   1.96577065526929        2.60734982997612        2.70977737476876     
   2.21483435584292        3.14932151054093        2.13877936262044     
   3.13775925394541        3.39261196587950        2.07597618927846     
   3.20626771341222        3.63266628342816        3.63785936560721     
   3.56580195337458        3.53991722404861        3.56580195526520     
   3.63785936927854        3.63266628924879        3.20626772440600     
   2.07597616244832        3.39261196584009        3.13775925801834     
   2.13877936155005        3.14932151618735        2.21483437441940     
   2.70977737121122        2.60734983187732        1.96577065013926     
   2.56050939041434       0.539141283098900        2.41497025393469     
  0.950855357792300        2.14520315441901        1.12332104999998     
   2.06077749986419        1.48501730590401        1.95851486115895     
   1.89240463918211        1.26374893327638        1.59693775515675     
   1.16581261462196        1.44002282631699        1.39560938617878     
   1.70762101940594        1.14996799467572        1.80823112604069     
  0.926055980221046        2.03497519641021       0.374881757805186     
   1.87825080060581        1.28326283287427        1.32774890905858     
  0.814729564028530        1.31524631710738       0.835126187732481     
   1.22708795489273       0.855618422864620        1.13223230711878     
  0.829162366369687        1.12880631562572        1.02079448829064     
  0.757874389655039       0.563731324170201        1.04576538216642     
  0.565609190810134        1.37007948022455        1.26226960020582     
   1.11703624148759        1.44391114734748       0.382138457308313     
   1.13232191729177       0.828359748017652        1.27591298191157     
   1.12057177495063        1.83778597291058       0.418781425080139     
   1.45570540631243       0.959862180469439     
  0.764845996052739       0.758718766522399        1.66231780822008     
  -1.07330328395000        1.68294158527660       0.907285523293422     
   1.12823896482640       -1.05043990042114        1.64821997766049     
  0.445801773005895        1.71147741086002        1.20644652575180     
   1.53548307686133        1.44849378697920        1.13666672409708     
   1.36674954553663       0.699522957033475       0.941361836759149     
   1.08521530256715        1.14096296530227       0.836525511394999     
  0.634384083005273        1.42075803480733        1.20801132542227     
   1.52581963982384        1.72084197697581       0.728253019511338     
   1.38426331327961        1.33041385013596        1.81094656937212     
  0.781622406795402        1.87093098551792       -1.12461839086939     
   1.65778675506624       0.826679931842891        2.10403982064944     
  0.944024594499320        1.79744794897844       0.890678330192149     
   1.61793353816068       -1.23367917090062        2.04092243517887     
   1.27464199065190        1.84187512590540       0.810552247883993     
   2.21376011357633        1.69484888849071        2.34892839403201     
   2.37472881287270        2.03104652499061        2.58711003501470     
   1.69608611750294        2.89200657714851        1.38194612979202     
   2.96052909346994        2.60065300805391        2.92545467658194     
   3.39261196419664        1.75503116868777        3.44308070510337     
   3.64625944794851        2.81305059556270        2.89104376422849     
   3.53916101447220        3.64905457452611        3.53916101255038     
   2.89104375522428        2.81305061183248        3.64625945556559     
   3.44308071242261        1.75503115793060        3.39261196722914     
   2.92545468047278        2.60065301247883        2.96052910012946     
   1.38194610171897        2.89200657722350        1.69608613403258     
   2.58711002726748        2.03104651939687        2.37472880420207     
   2.34892837775283        1.69484891182832        2.21376011966359     
  0.810552158473737        1.84187506390734        1.27464213088960     
   2.04092247580394       -1.23368023177165        1.61793349606813     
  0.890678423450332        1.79744795111631       0.944024691793007     
   2.10403985363071       0.826680031758783        1.65778672954004     
  -1.12461893191754        1.87093099378398       0.781622400653393     
   1.81094656524996        1.33041382424085        1.38426330869266     
  0.728252861515921        1.72084204837659        1.52581968597689     
   1.20801134837564        1.42075806834371       0.634384081809476     
  0.836525550064663        1.14096295859418        1.08521532066784     
  0.941361823598676       0.699522974907766        1.36674951930260     
   1.13666664935043        1.44849387870649        1.53548318201531     
   1.20644638529018        1.71147735820610       0.445801859695672     
   1.64821996141798       -1.05044095711319        1.12823905481315     
  0.907285478216319        1.68294159348039       -1.07330324436008     
   1.66231784220362       0.758718875735591     
   1.95503706205709       0.906451094755129        1.48171552031361     
  0.780765143975228       0.925092163280769       0.299580156935650     
   1.60205684677470       -2.76850268083182        1.76291716292203     
  0.753559754049498        1.60767691216404       0.855415083482172     
   1.56639418224556       0.956371981917057        1.60116913635157     
   1.30225472500853        1.39007763059201        1.33715280086503     
   1.08700184766120       0.966324089431301        1.33193219452848     
   1.03122354946905        1.49380437944317        1.31315855269819     
   1.51208705165418        1.58096638770503        1.32748248818596     
   1.72775692802879       0.568462710184291        1.36078211274336     
   1.02291705242774        1.26004212075009        1.54096322288698     
   1.74330820611368        1.40527216819259        1.93764030730985     
   1.11433716151892        2.05852245695851      -3.312778994491724E-002
   1.94533956792935      -0.186188184706274        1.82950777446579     
   1.24092237381023        2.23947833366942       0.764613910438941     
   2.47985041312180       0.773591300575540        2.53872144915898     
   1.66958424078796        2.58243787702279        2.20051788147609     
   2.55764720090233        2.56365458024783        2.49758540632757     
   2.93741431865610        2.12531931934689        3.29860919282569     
   2.07597617175570        3.44308070823864        3.57114919050637     
   1.51582293649352        3.85758287942088        4.12911168522657     
   4.02816361206088        3.91811522743157        4.02816361133556     
   4.12911168382885        3.85758287635912        1.51582288220496     
   3.57114919436282        3.44308070923553        2.07597618042564     
   3.29860919490140        2.12531931740173        2.93741432351473     
   2.49758541818137        2.56365456951053        2.55764719442482     
   2.20051788396919        2.58243787960427        1.66958421690482     
   2.53872144031852       0.773591276462216        2.47985039553601     
  0.764613780170096        2.23947834462902        1.24092239040204     
   1.82950775860967      -0.186188297111987        1.94533955382558     
 -3.312809123646904E-002   2.05852247442913        1.11433715840165     
   1.93764031242426        1.40527215757794        1.74330822047806     
   1.54096323883631        1.26004209425084        1.02291701621436     
   1.36078211265980       0.568462650525516        1.72775692371660     
   1.32748240492067        1.58096647418808        1.51208709604429     
   1.31315858912244        1.49380443032639        1.03122352640208     
   1.33193221962390       0.966324065897494        1.08700186805520     
   1.33715278507773        1.39007765017698        1.30225466179746     
   1.60116908049392       0.956372090197464        1.56639423395659     
  0.855414943554331        1.60767684718841       0.753559867403918     
   1.76291715494535       -2.76851077179956        1.60205689272073     
  0.299580145690502       0.925092244792339       0.780765090932472     
   1.48171554560840       0.906451019454782     
   2.03494269735665        1.13262939001377        1.34417264119796     
  0.434629354000573        1.03765198685262       0.564931084421697     
   1.77303677254732       0.512916062443969        1.53455924238776     
  0.475636011039999        1.42395643502391      -0.136874391427746     
   1.54644018338556      -0.261870339392051        1.74503138400632     
  0.753785204745997        1.77605018418742        1.32329137914259     
   1.49028412843177        1.07917120510216        1.65566291314166     
   1.48073531870365        1.37124990472579        1.40890059232557     
   1.19577319328539        1.09715173893584        1.57176292805548     
   1.62819291597809       0.802820236741602       0.917253675054011     
   1.42272012552710       0.890338292167756        1.85702757596361     
   1.70616830663299        1.52458645428564        1.45315613897472     
   1.94677546993919        2.01771697074521        1.71431596574566     
   2.16312502046108        1.24031137687854        1.95633230685657     
   1.85140802562652        2.40301313776722        1.23525086050985     
   2.41923794126685       0.942625248498051        2.46219648760488     
   1.19973102742376        2.71516028953035      -0.702241316702722     
   2.81056258647383       0.929207504908076        3.05022275606988     
   2.31458614211873        3.13250034156697        2.94032531671817     
   3.20626771758510        3.64625945112863        1.51582291982675     
   3.94045042640887        3.91392668944322       0.417955489195911     
   3.91450327371550        4.20210631702591        3.91450327383313     
  0.417955450433766        3.91392668801223        3.94045042485215     
   1.51582290246890        3.64625945203574        3.20626771949939     
   2.94032531332286        3.13250033966237        2.31458614455334     
   3.05022275870621       0.929207438030681        2.81056257834227     
 -0.702241133342102        2.71516028736376        1.19973100210188     
   2.46219649797648       0.942625375642417        2.41923790561124     
   1.23525071971539        2.40301316398265        1.85140805867548     
   1.95633228151684        1.24031133348108        2.16312502331378     
   1.71431595358369        2.01771698159501        1.94677548515926     
   1.45315608502749        1.52458637673897        1.70616837239669     
   1.85702761767487       0.890338212352592        1.42272010280440     
  0.917253681859610       0.802820236935931        1.62819289203742     
   1.57176286348915        1.09715186956147        1.19577325789910     
   1.40890059540007        1.37124992097090        1.48073533253994     
   1.65566294362961        1.07917116960533        1.49028414278833     
   1.32329134503066        1.77605018358227       0.753785120992287     
   1.74503135681765      -0.261870346320466        1.54644015720962     
 -0.136874349908634        1.42395639238825       0.475636179266501     
   1.53455925860509       0.512916121681708        1.77303678006679     
  0.564930996162690        1.03765207484896       0.434629248103327     
   1.34417264719632        1.13262936338793     
   1.08731698871063       0.403499916649656        1.56794730943544     
 -0.158036947580575        1.78013139758565       0.712680214843781     
   1.45413573021650       0.518454428902602        1.23923193349019     
  -1.32860930260624        1.41341806082216       -2.50471840306415     
   1.55651467912082       -1.46939498167211        1.65920534580484     
 -0.708498094471273        1.82209410697691       0.619755496496977     
   1.88547917060968        1.34132591200543        1.67992886770443     
   1.46262055518886        1.39027320749868        1.29354538449391     
   1.23866818372923       0.897315276003490        1.41299918437575     
  0.543091486714857        1.75374667614159        1.15803899595426     
   1.75965684881434        1.38123114998124        1.67255175449394     
   1.22416658165392        1.85747780345123        1.36618121384002     
   2.03203563239354        1.67504620936321        2.16325400735339     
   2.08662282842180        2.07812323838155        2.32666626374962     
   1.70284346285247        2.25983132142037        1.68335988725943     
   2.22461691567058        1.95336015182505        2.39100014050477     
   2.12123257494018        2.62973341982546        2.19595164216696     
   2.90227079533708        2.06470185660129        3.14143822958141     
   1.61615313912711        3.37379180993187       0.728882487160854     
   3.63266628518450        2.81305060259122        3.85758287850771     
   3.91392668962220        3.47309432476669        4.59409531371999     
   4.71750517436437        4.66066199924621        4.71750517359720     
   4.59409531305833        3.47309432576079        3.91392668811288     
   3.85758287775282        2.81305060370472        3.63266628742383     
  0.728882373419520        3.37379180627828        1.61615314666025     
   3.14143822490198        2.06470184512491        2.90227079798559     
   2.19595165656617        2.62973340246398        2.12123253652022     
   2.39100016677499        1.95336019039827        2.22461689088605     
   1.68335985788122        2.25983132206724        1.70284344190944     
   2.32666627512568        2.07812324418966        2.08662283398621     
   2.16325401829900        1.67504619358068        2.03203563452979     
   1.36618116721816        1.85747775570767        1.22416669400961     
   1.67255180500011        1.38123112517185        1.75965685862350     
   1.15803896809705        1.75374668138593       0.543091366511871     
   1.41299912446108       0.897315373770205        1.23866823954807     
   1.29354533237706        1.39027315810742        1.46262060223411     
   1.67992890504039        1.34132586541247        1.88547916012632     
  0.619755475924411        1.82209410139726      -0.708498207217145     
   1.65920534117857       -1.46939596871075        1.55651461873676     
  -2.50472316874163        1.41341805768743       -1.32860842532122     
   1.23923197257423       0.518454369051093        1.45413570240393     
  0.712680298163422        1.78013141506142      -0.158036883236649     
   1.56794730426907       0.403499895794110     
  -1.29564355236139        1.21079409616508        1.66353744462292     
  0.312600033071312        1.89817931686193        1.14498421056016     
   1.10494094418787      -0.840078114742568        1.31332635845849     
  -1.07727320810478        1.50234199482328       -1.47141284655014     
   1.55291189595611      -0.390883805173111        1.52048613018262     
  -2.01036391315183        1.65037553651386       -4.45463253741933     
   1.90901061894030        1.09630883808834        1.61708316398848     
  0.844671815832427        1.62855729106899       0.828596872282851     
   1.65770077823668       0.970468123666679        1.49011542071364     
  -2.05151950731657        2.06719519077534        1.35323267019839     
   1.92065842094172        1.57654693255834        1.62157804839968     
  0.864232866374102        2.06573660020536        1.59960925333680     
   1.93585516912901        1.40352982452148        2.20068211608257     
   1.80491045616084        2.32389436455512        2.31972182046563     
   1.81639039869891        1.99341286561719        2.15516407922131     
   2.13484364026675        2.34445317490475        2.39148185995303     
   2.39367369342658        2.52110859552352        2.61481866632850     
   2.86438690265117        2.58956748772393        3.04598629047155     
   2.74599942803364        3.36034345243144        2.72968716255082     
   3.63785936886063        2.89104375581156        4.12911168467812     
  0.417955529063227        4.59409531356772        4.41585648390275     
   4.26155940048293        5.00000046278580        4.26155940438349     
   4.41585648080225        4.59409531324011       0.417955416190044     
   4.12911168464902        2.89104376426383        3.63785936664897     
   2.72968716907764        3.36034344731691        2.74599942765439     
   3.04598628174806        2.58956746709420        2.86438691718583     
   2.61481868716469        2.52110856856198        2.39367366544509     
   2.39148187319343        2.34445316969813        2.13484366234576     
   2.15516410567676        1.99341283143588        1.81639035413653     
   2.31972184217761        2.32389437495418        1.80491046190916     
   2.20068212749591        1.40352979961446        1.93585515920840     
   1.59960926702145        2.06573660246149       0.864232909378754     
   1.62157807436055        1.57654693392773        1.92065844784106     
   1.35323262121703        2.06719519407254       -2.05151723820650     
   1.49011540275337       0.970468101027271        1.65770077837795     
  0.828596797547449        1.62855726330434       0.844671802525000     
   1.61708314599091        1.09630881689543        1.90901058975808     
  -4.45459882097086        1.65037553852759       -2.01036339230566     
   1.52048613108090      -0.390883812566503        1.55291188766103     
  -1.47141268005327        1.50234198936353       -1.07727333383735     
   1.31332636443365      -0.840078379356141        1.10494089682403     
   1.14498422824699        1.89817930309756       0.312599944780307     
   1.66353743423783        1.21079405568029     
   1.53124753393953      -0.461208260053364        1.39111664108315     
 -0.787332979564383        1.29782515530786      -0.459508933213984     
   1.47298300090701       -1.05821721320831        1.56527774805196     
 -0.609911349076246        1.54117498498199      -0.142602251621898     
   1.50620456674191      -5.734067642138448E-002   1.48187586629052     
 -9.356787336961341E-002   1.44566253083088      -0.908230727146838     
   1.49143812687916      -0.705293120956979        1.68070722124556     
  -1.02544971914089        1.84879581160159      -0.283154625755225     
   1.94313296701648       0.681870797625401        1.95946235685897     
   1.08151574029001        1.91601660365097        1.14947968980799     
   1.94587394691630        1.26798782295268        1.99985790849765     
   1.48319926127086        1.98742260638722        1.58370843571742     
   1.98087581957939        1.61619333688766        2.01046959100429     
   1.58109614067715        2.14625814877636        1.64828922044164     
   2.33724965656364        1.94895718223777        2.43483250594393     
   2.20846693781623        2.48139369541488        2.38570714276193     
   2.54840845343081        2.54360106376318        2.65386816735279     
   2.71006509790450        2.81804960748486        2.93170945233592     
   3.01866055924013        3.21556857455333        3.25025209590773     
   3.56580196002119        3.53916100818604        4.02816361102971     
   3.91450327312037        4.71750517461348        4.26155939904147     
   5.87975333720281        6.20001584371653        5.87975333824260     
   4.26155940580938        4.71750517360403        3.91450327515232     
   4.02816361232937        3.53916101936840        3.56580194899054     
   3.25025209188161        3.21556856857040        3.01866055373620     
   2.93170944636334        2.81804959081769        2.71006511822527     
   2.65386818606462        2.54360104763701        2.54840844890386     
   2.38570712455749        2.48139365941580        2.20846699290572     
   2.43483253435058        1.94895716700404        2.33724966055468     
   1.64828920188688        2.14625813682132        1.58109615847549     
   2.01046958944065        1.61619335557791        1.98087581943405     
   1.58370848422555        1.98742265005579        1.48319922298121     
   1.99985791436070        1.26798782107216        1.94587397161927     
   1.14947963180870        1.91601661320121        1.08151568120436     
   1.95946236816831       0.681870593085083        1.94313292583001     
 -0.283154403870148        1.84879584767409       -1.02544728645482     
   1.68070709820147      -0.705293902579774        1.49143808163260     
 -0.908229702721816        1.44566254372928      -9.356775400803889E-002
   1.48187585506002      -5.734028793726578E-002   1.50620466098371     
 -0.142602818455026        1.54117494589761      -0.609911508328272     
   1.56527771412992       -1.05821745260565        1.47298299045317     
 -0.459508778860570        1.29782508162869      -0.787332368664578     
   1.39111661707518      -0.461207797359094     
   2.02820810089860        1.25755313472470        1.09297567542708     
  0.448045793759553       0.238888156768591        1.16026465553657     
   1.71548277980733       -1.19328219357966        1.67061195227689     
  6.390665182793230E-002   1.54110006154775       0.133940045647306     
   1.47372087945253      -3.571272367665639E-002   1.49445841803301     
  0.295503850753273        1.36535894348855       6.063082914514828E-002
   1.03762513464807       0.892987754078071        1.74623110391520     
  0.336675710042931        1.92851294820878       -2.86010545698031     
   2.02980240963055       0.289847254926428        2.16998262379333     
   1.59829408598440        1.71036801849294       0.895881258866874     
   1.93490596785290       0.886504288971993        2.19415656933991     
   1.78069979575024        1.86685378666235        1.48343240559366     
   2.04997503583492        1.77918144173004        1.86885349506204     
   1.53406597483818        1.93282252203095       0.398504883103322     
   2.55889060595233        2.00850801710504        2.52067555849190     
   2.26414707874753        2.50691424015178        2.37247085418714     
   2.61043463854687        2.58729648418724        2.61587162496923     
   2.60514301170508        2.89500076450441        2.89006385495971     
   3.07397340166952        3.12013761667821        3.39214805971666     
   3.53991723144236        3.64905456861223        3.91811522612864     
   4.20210631689823        4.66066200025335        5.00000046105865     
   6.20001584331858        6.48235696670261        6.20001584416915     
   5.00000046453678        4.66066199878951        4.20210631824821     
   3.91811522847675        3.64905458166048        3.53991721553789     
   3.39214805274973        3.12013761040443        3.07397339377762     
   2.89006385226540        2.89500075115443        2.60514303284341     
   2.61587164066212        2.58729647667478        2.61043464536171     
   2.37247081879120        2.50691419176217        2.26414714075554     
   2.52067558227787        2.00850802482900        2.55889062654176     
  0.398504598769042        1.93282248329393        1.53406600289531     
   1.86885348189580        1.77918147794081        2.04997504446746     
   1.48343246937592        1.86685385382116        1.78069975366502     
   2.19415657271634       0.886504268567898        1.93490598720496     
  0.895881197114795        1.71036803661947        1.59829405255340     
   2.16998263966344       0.289846812488929        2.02980235313051     
  -2.86011564599425        1.92851301318772       0.336676484869813     
   1.74623093697184       0.892987542024609        1.03762507439825     
  6.063120227341658E-002   1.36535896037453       0.295503941645378     
   1.49445839913229      -3.571214996739040E-002   1.47372103083628     
  0.133939406515237        1.54110000224737       6.390654231607323E-002
   1.67061190568328       -1.19328286646317        1.71548278139180     
   1.16026469754816       0.238887851527418       0.448045962540107     
   1.09297563419124        1.25755320918527     
   1.53124753225410      -0.461208292481318        1.39111664729674     
 -0.787332926374854        1.29782515596598      -0.459508954643790     
   1.47298300131486       -1.05821725502832        1.56527775006567     
 -0.609911238840183        1.54117497446519      -0.142602261919676     
   1.50620455497650      -5.734078390420003E-002   1.48187587982997     
 -9.356783909527300E-002   1.44566252731535      -0.908230838626552     
   1.49143813637890      -0.705293192015606        1.68070722267018     
  -1.02544982639528        1.84879580973883      -0.283154583344746     
   1.94313295916587       0.681870760241725        1.95946236139752     
   1.08151573225388        1.91601661423457        1.14947972350134     
   1.94587393540679        1.26798781031504        1.99985790709530     
   1.48319924655931        1.98742261949937        1.58370845739796     
   1.98087581104134        1.61619333689876        2.01046958467389     
   1.58109612957193        2.14625815078172        1.64828921762901     
   2.33724965751682        1.94895717847648        2.43483251106490     
   2.20846694462079        2.48139369342823        2.38570714483984     
   2.54840845015250        2.54360106213674        2.65386816571382     
   2.71006509432465        2.81804961036290        2.93170945308669     
   3.01866056039453        3.21556857637102        3.25025209397260     
   3.56580195887723        3.53916100891219        4.02816361109038     
   3.91450327339576        4.71750517473895        4.26155939906309     
   5.87975333725769        6.20001584377120        5.87975333829748     
   4.26155940583100        4.71750517372950        3.91450327542771     
   4.02816361239004        3.53916102009455        3.56580194784659     
   3.25025208994648        3.21556857038809        3.01866055489060     
   2.93170944711410        2.81804959369574        2.71006511464542     
   2.65386818442565        2.54360104601057        2.54840844562554     
   2.38570712663539        2.48139365742915        2.20846699971028     
   2.43483253947154        1.94895716324275        2.33724966150785     
   1.64828919907425        2.14625813882668        1.58109614737026     
   2.01046958311025        1.61619335558900        1.98087581089600     
   1.58370850590609        1.98742266316795        1.48319920826967     
   1.99985791295835        1.26798780843452        1.94587396010976     
   1.14947966550206        1.91601662378481        1.08151567316822     
   1.95946237270686       0.681870555701409        1.94313291797939     
 -0.283154361459415        1.84879584581133       -1.02544739370837     
   1.68070709962610      -0.705293973638424        1.49143809113234     
 -0.908229814201431        1.44566254021375      -9.356771973372663E-002
   1.48187586859947      -5.734039542005325E-002   1.50620464921831     
 -0.142602828752811        1.54117493538081      -0.609911398092190     
   1.56527771614364       -1.05821749442560        1.47298299086102     
 -0.459508800290369        1.29782508228680      -0.787332315475127     
   1.39111662328878      -0.461207829787044     
  -1.29564342374030        1.21079409107075        1.66353744260800     
  0.312600055050792        1.89817932312890        1.14498422188959     
   1.10494094807876      -0.840077964235547        1.31332635084895     
  -1.07727331644686        1.50234198449820       -1.47141284682922     
   1.55291187998295      -0.390884024662710        1.52048614807210     
  -2.01036353562393        1.65037553539159       -4.45463546913755     
   1.90901062117415        1.09630883410812        1.61708317359895     
  0.844671845155113        1.62855728439216       0.828596878387327     
   1.65770076946706       0.970468104598518        1.49011542327609     
  -2.05151903970164        2.06719519794741        1.35323268397811     
   1.92065841849760        1.57654693577541        1.62157804147432     
  0.864232843555862        2.06573660735572        1.59960926497594     
   1.93585516597287        1.40352983256758        2.20068210938165     
   1.80491044820406        2.32389436433701        2.31972181681476     
   1.81639040339852        1.99341286269013        2.15516408683958     
   2.13484364853977        2.34445317209601        2.39148186179285     
   2.39367368973193        2.52110859431670        2.61481866387024     
   2.86438689903395        2.58956749193411        3.04598629105050     
   2.74599942989651        3.36034345389004        2.72968715991746     
   3.63785936820572        2.89104375693933        4.12911168485792     
  0.417955532028037        4.59409531361537        4.41585648396506     
   4.26155940048898        5.00000046280963        4.26155940438954     
   4.41585648086456        4.59409531328775       0.417955419154870     
   4.12911168482882        2.89104376539160        3.63785936599406     
   2.72968716644427        3.36034344877550        2.74599942951725     
   3.04598628232701        2.58956747130437        2.86438691356861     
   2.61481868470643        2.52110856735515        2.39367366175044     
   2.39148187503324        2.34445316688939        2.13484367061878     
   2.15516411329503        1.99341282850881        1.81639035883614     
   2.31972183852673        2.32389437473607        1.80491045395237     
   2.20068212079499        1.40352980766055        1.93585515605227     
   1.59960927866059        2.06573660961186       0.864232886560516     
   1.62157806743519        1.57654693714480        1.92065844539694     
   1.35323263499675        2.06719520124461       -2.05151677059485     
   1.49011540531583       0.970468081959112        1.65770076960833     
  0.828596803651938        1.62855725662752       0.844671831847680     
   1.61708315560138        1.09630881291521        1.90901059199193     
  -4.45460175258794        1.65037553740532       -2.01036301477925     
   1.52048614897038      -0.390884032056117        1.55291187168788     
  -1.47141268033236        1.50234197903845       -1.07727344217945     
   1.31332635682410      -0.840078228849276        1.10494090071492     
   1.14498423957643        1.89817930936453       0.312599966759781     
   1.66353743222290        1.21079405058597     
   1.08731700731515       0.403499875541081        1.56794729733099     
 -0.158036837662962        1.78013140959921       0.712680235342618     
   1.45413573713243       0.518454482150460        1.23923191314642     
  -1.32860941020827        1.41341805792332       -2.50471864894488     
   1.55651466627059       -1.46939557632083        1.65920535825924     
 -0.708498023184594        1.82209410789301       0.619755510069249     
   1.88547916484169        1.34132589420771        1.67992888288900     
   1.46262057238859        1.39027319710077        1.29354538152096     
   1.23866818528612       0.897315287481253        1.41299917242110     
  0.543091458410078        1.75374667500365        1.15803897027936     
   1.75965686950192        1.38123117940452        1.67255174443869     
   1.22416658590419        1.85747779524836        1.36618119637099     
   2.03203564051009        1.67504622094662        2.16325400262178     
   2.08662282769770        2.07812323412225        2.32666625882957     
   1.70284347050561        2.25983132259840        1.68335988904573     
   2.22461691699061        1.95336015115371        2.39100014078116     
   2.12123257463093        2.62973342043026        2.19595163926032     
   2.90227079358301        2.06470185991841        3.14143822962535     
   1.61615314261522        3.37379181016555       0.728882476568169     
   3.63266628587719        2.81305060346117        3.85758287887251     
   3.91392669036658        3.47309432384377        4.59409531379714     
   4.71750517474579        4.66066199979665        4.71750517397862     
   4.59409531313549        3.47309432483788        3.91392668885726     
   3.85758287811762        2.81305060457467        3.63266628811652     
  0.728882362826832        3.37379180651195        1.61615315014837     
   3.14143822494592        2.06470184844204        2.90227079623152     
   2.19595165365953        2.62973340306878        2.12123253621097     
   2.39100016705138        1.95336018972693        2.22461689220607     
   1.68335985966753        2.25983132324527        1.70284344956259     
   2.32666627020563        2.07812323993037        2.08662283326210     
   2.16325401356739        1.67504620516409        2.03203564264634     
   1.36618114974913        1.85747774750480        1.22416669825988     
   1.67255179494486        1.38123115459514        1.75965687931108     
   1.15803894242214        1.75374668024799       0.543091338207085     
   1.41299911250643       0.897315385247963        1.23866824110496     
   1.29354532940410        1.39027314770950        1.46262061943383     
   1.67992892022495        1.34132584761475        1.88547915435833     
  0.619755489496680        1.82209410231336      -0.708498135930440     
   1.65920535363296       -1.46939656336020        1.55651460588654     
  -2.50472341462400        1.41341805478858       -1.32860853292306     
   1.23923195223046       0.518454422298949        1.45413570931986     
  0.712680318662255        1.78013142707498      -0.158036773319052     
   1.56794729216463       0.403499854685531     
   2.03494270067356        1.13262940136900        1.34417262918239     
  0.434629317501230        1.03765199790317       0.564931090539334     
   1.77303678002687       0.512916101892433        1.53455923416955     
  0.475636003233008        1.42395643434531      -0.136874386900970     
   1.54644017986394      -0.261870381988766        1.74503138811437     
  0.753785212995965        1.77605018425734        1.32329138517910     
   1.49028411875857        1.07917118561731        1.65566292232093     
   1.48073532583726        1.37124990194285        1.40890059140061     
   1.19577319993807        1.09715175806047        1.57176291327149     
   1.62819290744645       0.802820222328907       0.917253627982509     
   1.42272015995234       0.890338340851540        1.85702757100900     
   1.70616831322293        1.52458643795293        1.45315612009252     
   1.94677547882373        2.01771697616793        1.71431596305779     
   2.16312502184803        1.24031136760733        1.95633230251452     
   1.85140803027108        2.40301314097517        1.23525084281187     
   2.41923793640311       0.942625264786365        2.46219648753629     
   1.19973103500824        2.71516029042898      -0.702241333020024     
   2.81056258732094       0.929207510395407        3.05022275587772     
   2.31458614220801        3.13250034098305        2.94032531469938     
   3.20626771974661        3.64625945206454        1.51582292236104     
   3.94045042735540        3.91392669046723       0.417955497784282     
   3.91450327471495        4.20210631812053        3.91450327483258     
  0.417955459022133        3.91392668903623        3.94045042579867     
   1.51582290500320        3.64625945297165        3.20626772166091     
   2.94032531130407        3.13250033907845        2.31458614464262     
   3.05022275851405       0.929207443518011        2.81056257918939     
 -0.702241149659474        2.71516028826239        1.19973100968636     
   2.46219649790789       0.942625391930732        2.41923790074749     
   1.23525070201741        2.40301316719060        1.85140806332003     
   1.95633227717479        1.24031132420986        2.16312502470073     
   1.71431595089582        2.01771698701772        1.94677549404380     
   1.45315606614528        1.52458636040626        1.70616837898663     
   1.85702761272026       0.890338261036383        1.42272013722964     
  0.917253634788109       0.802820222523239        1.62819288350578     
   1.57176284870515        1.09715188868609        1.19577326455178     
   1.40890059447511        1.37124991818795        1.48073533967355     
   1.65566295280888        1.07917115012047        1.49028413311513     
   1.32329135106717        1.77605018365219       0.753785129242253     
   1.74503136092570      -0.261870388917165        1.54644015368801     
 -0.136874345381844        1.42395639170964       0.475636171459514     
   1.53455925038688       0.512916161130172        1.77303678754634     
  0.564931002280329        1.03765208589952       0.434629211603981     
   1.34417263518075        1.13262937474318     
   1.95503706020607       0.906451091640663        1.48171552014057     
  0.780765150005199       0.925092144938516       0.299580210922049     
   1.60205685497395       -2.76850255085359        1.76291716913083     
  0.753559773672498        1.60767690793866       0.855415073359921     
   1.56639419063813       0.956372003625872        1.60116912874752     
   1.30225472136007        1.39007763032145        1.33715280001835     
   1.08700185101916       0.966324099451500        1.33193218521852     
   1.03122353781434        1.49380438413070        1.31315855687865     
   1.51208705001972        1.58096638986743        1.32748248020949     
   1.72775692309599       0.568462715622855        1.36078211087966     
   1.02291705161095        1.26004211360466        1.54096322927191     
   1.74330820741513        1.40527217414899        1.93764031253627     
   1.11433715135148        2.05852245597605      -3.312779956213881E-002
   1.94533956628128      -0.186188168069629        1.82950777539641     
   1.24092237549456        2.23947833654369       0.764613878938847     
   2.47985040778171       0.773591272965225        2.53872145011680     
   1.66958423973759        2.58243787606023        2.20051787623112     
   2.55764720513745        2.56365458268742        2.49758540619270     
   2.93741431911385        2.12531931861547        3.29860919243488     
   2.07597616747104        3.44308070938446        3.57114919094543     
   1.51582294262498        3.85758288026621        4.12911168567809     
   4.02816361208420        3.91811522717382        4.02816361135887     
   4.12911168428037        3.85758287720445        1.51582288833642     
   3.57114919480187        3.44308071038135        2.07597617614097     
   3.29860919451059        2.12531931667031        2.93741432397249     
   2.49758541804650        2.56365457195012        2.55764719865994     
   2.20051787872422        2.58243787864171        1.66958421585445     
   2.53872144127635       0.773591248851900        2.47985039019592     
  0.764613748669995        2.23947834750328        1.24092239208638     
   1.82950775954028      -0.186188280475310        1.94533955217751     
 -3.312810085369265E-002   2.05852247344667        1.11433714823421     
   1.93764031765068        1.40527216353434        1.74330822177951     
   1.54096324522124        1.26004208710541        1.02291701539758     
   1.36078211079610       0.568462655964075        1.72775691878379     
   1.32748239694420        1.58096647635048        1.51208709440983     
   1.31315859330289        1.49380443501391        1.03122351474736     
   1.33193221031393       0.966324075917697        1.08700187141316     
   1.33715278423105        1.39007764990642        1.30225465814900     
   1.60116907288987       0.956372111906274        1.56639424234915     
  0.855414933432079        1.60767684296303       0.753559887026920     
   1.76291716115415       -2.76851064181584        1.60205690091998     
  0.299580199676897       0.925092226450088       0.780765096962447     
   1.48171554543536       0.906451016340316     
  0.764845992734605       0.758718765953535        1.66231780662810     
  -1.07330325776718        1.68294157887557       0.907285504308239     
   1.12823896749601       -1.05043971935738        1.64821998918726     
  0.445801800377552        1.71147740894696        1.20644651738700     
   1.53548309223817        1.44849380989215        1.13666669760207     
   1.36674953489704       0.699522965557500       0.941361835020455     
   1.08521531567720        1.14096298943912       0.836525475293201     
  0.634384058790142        1.42075803521390        1.20801132447801     
   1.52581963538606        1.72084197028474       0.728253037331994     
   1.38426331544337        1.33041385800123        1.81094658194537     
  0.781622340242240        1.87093096519746       -1.12461801351871     
   1.65778675179559       0.826679981171840        2.10403983472528     
  0.944024633282518        1.79744794424022       0.890678339908121     
   1.61793353034434       -1.23367930857910        2.04092243555176     
   1.27464198890461        1.84187512583022       0.810552246224208     
   2.21376011272324        1.69484888439418        2.34892839612225     
   2.37472881485370        2.03104651992761        2.58711003042673     
   1.69608613184863        2.89200657933941        1.38194613026160     
   2.96052909423393        2.60065300831496        2.92545467710488     
   3.39261196422071        1.75503116383848        3.44308070619737     
   3.64625944853469        2.81305059533341        2.89104376597887     
   3.53916101573021        3.64905457574660        3.53916101380839     
   2.89104375697467        2.81305061160319        3.64625945615177     
   3.44308071351661        1.75503115308131        3.39261196725321     
   2.92545468099573        2.60065301273988        2.96052910089345     
   1.38194610218855        2.89200657941441        1.69608614837827     
   2.58711002267951        2.03104651433387        2.37472880618306     
   2.34892837984307        1.69484890773178        2.21376011881051     
  0.810552156813950        1.84187506383216        1.27464212914231     
   2.04092247617683       -1.23368036945027        1.61793348825179     
  0.890678433166303        1.79744794637809       0.944024730576199     
   2.10403986770655       0.826680081087734        1.65778672626938     
  -1.12461855456650        1.87093097346353       0.781622334100232     
   1.81094657782320        1.33041383210612        1.38426331085641     
  0.728252879336582        1.72084204168552        1.52581968153910     
   1.20801134743138        1.42075806875028       0.634384057594331     
  0.836525513962867        1.14096298273104        1.08521533377788     
  0.941361821859981       0.699522983431792        1.36674950866300     
   1.13666662285542        1.44849390161943        1.53548319739215     
   1.20644637692538        1.71147735629304       0.445801887067348     
   1.64821997294476       -1.05044077604925        1.12823905748277     
  0.907285459231137        1.68294158707936       -1.07330321817704     
   1.66231784061164       0.758718875166733     
 -0.620426489566278       0.959862102418012        1.45570536091388     
  0.418781502635613        1.83778598492746        1.12057182374144     
   1.27591293801277       0.828359710546160        1.13232192248909     
  0.382138442201754        1.44391117917096        1.11703635584318     
   1.26226948128595        1.37007942141306       0.565609157177275     
   1.04576530958221       0.563731448646725       0.757874490799065     
   1.02079440458122        1.12880626686461       0.829162364318877     
   1.13223229152724       0.855618401507954        1.22708793648462     
  0.835126129370879        1.31524622829485       0.814729724752880     
   1.32774896043156        1.28326281027401        1.87825079991257     
  0.374881660819879        2.03497516947473       0.926055908623410     
   1.80823112783070        1.14996798856393        1.70762100004631     
   1.39560933760086        1.44002285360521        1.16581260800859     
   1.59693778230356        1.26374902884509        1.89240455426286     
   1.95851476641848        1.48501742496160        2.06077752254979     
   1.12332103994473        2.14520314872635       0.950855385134978     
   2.41497025320160       0.539141245794562        2.56050939189066     
   1.96577064917016        2.60734983273792        2.70977737527509     
   2.21483435849798        3.14932151165684        2.13877936421205     
   3.13775925390218        3.39261196560976        2.07597618544835     
   3.20626771484000        3.63266628405222        3.63785936557615     
   3.56580195260258        3.53991722293164        3.56580195449320     
   3.63785936924748        3.63266628987286        3.20626772583378     
   2.07597615861821        3.39261196557035        3.13775925797511     
   2.13877936314166        3.14932151730326        2.21483437707446     
   2.70977737171754        2.60734983463911        1.96577064404013     
   2.56050938880603       0.539141291603113        2.41497025562491     
  0.950855366514006        2.14520315601097        1.12332107012253     
   2.06077749310616        1.48501730478257        1.95851485481595     
   1.89240463208469        1.26374893507456        1.59693774834237     
   1.16581262581606        1.44002282543991        1.39560939964233     
   1.70762103451001        1.14996796945432        1.80823112374648     
  0.926055950641903        2.03497518172234       0.374881664908158     
   1.87825080929674        1.28326283271795        1.32774892080279     
  0.814729593646009        1.31524630445495       0.835126187244469     
   1.22708794105660       0.855618398711615        1.13223231123669     
  0.829162352514162        1.12880632519590        1.02079448706716     
  0.757874400523635       0.563731331949325        1.04576537883836     
  0.565609168399809        1.37007949593318        1.26226961362089     
   1.11703624378451        1.44391115848949       0.382138425529819     
   1.13232191703557       0.828359734066415        1.27591297176963     
   1.12057178716319        1.83778597968739       0.418781467876417     
   1.45570539430133       0.959862165919696     
   1.44933222609570       0.449627509696118       0.806857536884860     
  -1.60356732376518        1.17194684651325       -1.90939299081112     
   1.55986560678930        1.30768845490617       0.579869709266528     
  0.952066890923711       0.196573294034228       0.579865296139358     
  0.382111950310793       0.403996435501091       0.644358759055716     
  0.463397855763426       0.951903218032544        1.02259593416584     
  0.596556146003846       0.965946786381985       0.882539903500680     
   1.46198277116264       -5.73562991399295        1.23043205183903     
 -0.242388943328909       0.550523982780845       0.886281280709894     
   1.57386309190822       -1.60980471960370        1.53961469499347     
 -0.116809224672052        1.67772596947520       0.878088059135803     
   1.80299818660127        1.80212691334897       0.526016607509845     
   1.18186726977384        1.23713855963576        1.40161142570465     
   1.54513086514864        1.98914354149881       0.609477372826107     
   1.98066706052778       0.673544144559698        2.36046521896330     
   1.44827800716216        2.29438830367543        2.11208654369525     
   1.98598160243907        2.28454369234594        1.87548516564449     
   2.68518159130625       0.136035969271724        2.79987735061072     
   2.35858589111305        2.70437795549354        3.17934285022762     
   2.13877937254288        2.92545467504817        3.29860919303134     
   2.94032531466227       0.728882429194079        2.72968716478823     
   3.25025209307159        3.39214805632694        3.25025209319709     
   2.72968716555370       0.728882407726530        2.94032531307462     
   3.29860919467160        2.92545468310486        2.13877935462406     
   3.17934285149600        2.70437796801807        2.35858587368411     
   2.79987734502761       0.136036118636477        2.68518160494639     
   1.87548519237122        2.28454369562047        1.98598162565091     
   2.11208652913812        2.29438830033904        1.44827801324337     
   2.36046521843213       0.673544045337915        1.98066710637255     
  0.609477609829218        1.98914350990687        1.54513084490489     
   1.40161142137335        1.23713853310888        1.18186728800477     
  0.526016536344709        1.80212695244551        1.80299821773818     
  0.878088056243307        1.67772598618376      -0.116809214377142     
   1.53961473256859       -1.60980686376150        1.57386303877722     
  0.886281202615821       0.550524000250727      -0.242388796375390     
   1.23043206940229       -5.73557853353803        1.46198277822948     
  0.882539815454107       0.965946947554679       0.596556380924136     
   1.02259582940157       0.951903091704530       0.463398133359851     
  0.644358903791076       0.403996494203889       0.382112136854535     
  0.579865256214069       0.196573463899792       0.952066824785670     
  0.579869728949091        1.30768842303840        1.55986560021962     
  -1.90939336465082        1.17194685106476       -1.60356687808764     
  0.806857532060285       0.449627483551707     
   1.65860332429157        1.09832220273667       0.444643883618596     
  0.869406718917895      -6.536612005567345E-002  0.181399698647341     
  0.963803080009673       0.537738378552194       0.568516380829438     
   1.04479551358318       0.148163770130279      -0.463445164071199     
 -0.752373897253539      -4.052102314076190E-002  0.749183853595379     
  7.042938137349690E-002  0.842362743364087       0.995984664628558     
 -3.473643201599452E-002  0.969860410386714      -0.315404416117451     
   1.20663185673581      -6.573009212139896E-002   1.06785311909657     
  0.339559641549027       0.953357097503352       0.156569679927155     
   1.33035426980678        1.27575320716815       0.633611065151284     
   1.20481904622736       1.137151847811154E-003  0.897704554578814     
  0.785754125529537        1.35891737394183       6.849890940938891E-002
   1.27679685954179       0.743357213113114        1.72077553797249     
 -6.211458919503215E-002   2.03378109559429        1.24615250576289     
   1.87180970733234        1.47345498849692        2.01509143468904     
   2.06360752554356        1.88459680571616        2.50911921965413     
 -0.116783630851212        2.61524583564703        1.83037084428042     
   2.58911261751033        2.64013673097767        1.99059579869727     
   2.99096100340303        2.27140692234460        2.70437796083798     
   3.14932151753020        2.60065301910562        2.12531930530968     
   3.13250033658437        3.37379180492360        3.36034344727632     
   3.21556856991050        3.12013761316010        3.21556857439684     
   3.36034345362287        3.37379181176984        3.13250034538508     
   2.12531933698046        2.60065299863163        3.14932150984890     
   2.70437796076379        2.27140690693600        2.99096099692751     
   1.99059578186967        2.64013674586966        2.58911264056252     
   1.83037081384525        2.61524584680947      -0.116783070495071     
   2.50911920327107        1.88459681002678        2.06360751587800     
   2.01509143879407        1.47345497652788        1.87180972230777     
   1.24615242856936        2.03378106280737      -6.211482828349309E-002
   1.72077555052302       0.743357223628453        1.27679684180045     
  6.849869061269398E-002   1.35891744775661       0.785754230551329     
  0.897704551261268       1.137298035654904E-003   1.20481903374503     
  0.633611158506531        1.27575312421185        1.33035420137119     
  0.156569748198236       0.953357033741062       0.339559835246297     
   1.06785315538763      -6.573000436627545E-002   1.20663186286122     
 -0.315404812791491       0.969860560293269      -3.473610344989879E-002
  0.995984630600996       0.842362680882224       7.042973485833103E-002
  0.749184018149565      -4.052087543490697E-002 -0.752373897159226     
 -0.463444875822039       0.148163453325558        1.04479542431138     
  0.568516362371286       0.537738334821899       0.963803078826050     
  0.181399719173001      -6.536623100826106E-002  0.869406639646087     
  0.444643780448878        1.09832222031911     
 -0.587809888542841       -1.66529187701106       0.448693078150672     
  0.817608145507463       0.177603566612387       0.388358458114272     
  0.955721340601321       0.603763906358133      -0.581463230745634     
  -1.47155752960768       -1.17993346032352       -1.75495570899774     
 -0.907975603858852       -1.34820850787707      -0.486378353383780     
 -4.000905994608365E-002  -2.51445483672032       0.206721609003085     
  -3.16914423093159       0.820173343506712       0.653429409502395     
 -0.195953239934502      -0.133423024309528       0.655772794853186     
  0.307443860804767        1.27290911767737        1.60963408893753     
  -1.73280545153373        1.43979203088671       0.119732332110734     
   1.46767772193876        1.02473381635448        1.18564243578582     
   1.32681175177274       -1.38886902132270       0.103675979696330     
   1.50119976033852       0.648580295220885        1.71697613450327     
   1.64303844508065        1.34228871737972        1.73683974117855     
   1.45573052208069        2.22002735933066      -0.193638895047453     
   2.17232365635326        1.13094194460231        2.23452631638219     
   1.85178679009012        2.29930833942280        2.59752773512417     
  0.989925045375447        2.75388231169931        2.19539926192307     
   2.49813775738999        2.99096100057651        2.35858587993459     
   2.21483437594039        2.96052910137768        2.93741432468361     
   2.31458615141582        1.61615311727341        2.74599942022217     
   3.01866055288596        3.07397339788145        3.01866056164103     
   2.74599943820502        1.61615317793094        2.31458613092537     
   2.93741431503319        2.96052908999673        2.21483435115452     
   2.35858589026794        2.99096100098886        2.49813775688222     
   2.19539926488352        2.75388231930533       0.989925122786020     
   2.59752773778266        2.29930837852624        1.85178670325557     
   2.23452628962449        1.13094188684257        2.17232362086899     
 -0.193638551623002        2.22002736903860        1.45573056399684     
   1.73683968384985        1.34228861412323        1.64303850151982     
   1.71697616357933       0.648580257300495        1.50119975673670     
  0.103675938066251       -1.38886959814692        1.32681172498698     
   1.18564243076917        1.02473378578720        1.46767770458482     
  0.119732281486486        1.43979198661502       -1.73280345845377     
   1.60963410787478        1.27290909314082       0.307444007725609     
  0.655772843793013      -0.133422962814493      -0.195953189559768     
  0.653429463996502       0.820173400906524       -3.16914674993110     
  0.206721825555838       -2.51445161130867      -4.000890467442027E-002
 -0.486377734500246       -1.34820711797023      -0.907975088959837     
  -1.75495417301535       -1.17993448396013       -1.47155863284868     
 -0.581463426937544       0.603763845354862       0.955721270952527     
  0.388358360629481       0.177603515779115       0.817608061671236     
  0.448692972663522       -1.66529231133681     
   1.49222512104560       0.900662445415859       3.411463432261182E-002
 -7.751418710738185E-002  -2.30370643217477       0.771402695314075     
   1.36807122429952       0.607557285672846       0.906146025837259     
   1.08259261148316      -0.147552198800250       -1.07346440399341     
  -1.20560872517147       0.442676247916053       0.738891289891594     
 -0.720787728236847       0.915818102194626      -0.267935816445678     
  0.623184714211141       -1.71775571073384       0.916115158123236     
  4.985586503802792E-002  0.606714841120861       -1.97061995038792     
   1.02593615388611      -0.778348034930356        1.59320019026770     
   1.11518707152061        1.24633612685187        1.18170047021151     
   1.19675118222431        1.37918590590428        1.10461155984667     
   1.64466311236319      -0.120584918983479        1.29444746960128     
   1.05786577775235        1.77267774130782       0.613582116143097     
   2.04328231903519       0.662441635353154        1.95968517176765     
   1.01809409170785        2.16574239323401        1.98939860233952     
   1.89655633921864        2.34545062312931       0.607332945290944     
   2.37392979721364        1.14410497006594        2.40611934723814     
   2.31944659358004        1.72683668655657        2.67687152904915     
   2.19539927039949        1.99059577882502        2.79987734184479     
   2.70977736709832        1.38194610250975        2.49758541094204     
   3.05022275617792        3.14143822808771        3.04598628939264     
   2.93170945268038        2.89006385325075        2.93170944596876     
   3.04598628248615        3.14143822541486        3.05022275705232     
   2.49758541041671        1.38194614205863        2.70977738241443     
   2.79987735583663        1.99059580607870        2.19539925449719     
   2.67687152340876        1.72683668544209        2.31944659182112     
   2.40611935841783        1.14410483252439        2.37392975685990     
  0.607332793421727        2.34545061070250        1.89655628908370     
   1.98939864129720        2.16574241487228        1.01809400417547     
   1.95968513321423       0.662441799401293        2.04328234118183     
  0.613582176977075        1.77267773320646        1.05786577256002     
   1.29444747154275      -0.120584816347632        1.64466308015375     
   1.10461149145227        1.37918593133964        1.19675117595619     
   1.18170048074795        1.24633610311832        1.11518714419426     
   1.59320023693114      -0.778347654292069        1.02593616554177     
  -1.97061855356381       0.606714779193589       4.985591596078059E-002
  0.916115155763073       -1.71775502235591       0.623184831511601     
 -0.267936267055359       0.915818028189873      -0.720787533990800     
  0.738891148349947       0.442676033529211       -1.20560959402179     
  -1.07346461111987      -0.147552259284805        1.08259258169642     
  0.906146012636997       0.607557206479233        1.36807115666447     
  0.771402582177815       -2.30370578776759      -7.751404927652909E-002
  3.411474739316581E-002  0.900662432110407     
   1.44709843682312      -0.395229404031251        1.47133138749747     
   1.02716596686590       0.684331018990751       0.475491684082644     
  0.372985507420091       -1.06422641408675        1.25669459415476     
  0.882468814223848       0.342173852487697       0.131930281476086     
  0.230912486652917      -0.310130599726576        1.15341101660102     
 -0.329211376593017        1.25632491568969       0.506973149302409     
   1.28591274972059        1.07540448023610       0.787987865698291     
  0.531585463746849        1.25107853580198        1.01475910977622     
   1.39460915782819        1.62185150799731       0.288059783731571     
   1.30521025356902       0.730105345267655        1.50675406663391     
  0.126600923013808        1.43288012861113       0.294143594538828     
   1.40817944194876        1.27125556854891        2.14284845645388     
  0.659801231416148        2.07175444523349        1.51965851623540     
   1.89140636054803        1.71285985605255        1.93025299539037     
   2.22012773302132        1.06085260392060        2.23936446107559     
  -1.08748033758607        2.40451099693138        1.80649575236289     
   2.26944855487389        2.53758523794526       -2.39214477749058     
   2.51440008983592        2.28442020737924        1.72683669338784     
   2.75388231854957        2.64013674489644       0.136036231447918     
   2.60734982181003        2.89200657391603        2.56365457667519     
  0.929207508361666        2.06470184358429        2.58956747774687     
   2.81804960104166        2.89500075818690        2.81804960041650     
   2.58956748027261        2.06470185803328       0.929207449944932     
   2.56365457557058        2.89200658175067        2.60734984148852     
  0.136035876296060        2.64013672993029        2.75388231039326     
   1.72683667758341        2.28442021054929        2.51440008721797     
  -2.39214637447187        2.53758524067097        2.26944855050812     
   1.80649576503075        2.40451099919258       -1.08748047817820     
   2.23936446477631        1.06085261327952        2.22012772974771     
   1.93025299213929        1.71285984780988        1.89140634424068     
   1.51965853277688        2.07175443904888       0.659801325468373     
   2.14284847832279        1.27125564455930        1.40817935391472     
  0.294143253570484        1.43288018864873       0.126600955063531     
   1.50675409029657       0.730105383098406        1.30521027592134     
  0.288059964737393        1.62185147435850        1.39460916118647     
   1.01475902093564        1.25107844979162       0.531585566293006     
  0.787987842132005        1.07540452937117        1.28591277711403     
  0.506973136646607        1.25632493139511      -0.329211625312279     
   1.15341094651878      -0.310130969019819       0.230912572260715     
  0.131930377621280       0.342174062348458       0.882468670277601     
   1.25669452267840       -1.06422658860317       0.372985384128038     
  0.475491814248890       0.684331045406828        1.02716600218050     
   1.47133141475600      -0.395229529805830     
  0.918553737532605       0.444455826238069        1.63869005275772     
  0.515692262442553        1.52064200274789        1.39036953288187     
  -1.34127102258428       -2.45137365488065       0.730558340353465     
  2.245220789199645E-002   1.46098281599096       0.453026240459168     
   1.36697662608288       0.936394247067770        1.09658585438941     
  0.755213202059782        1.19526919902159       0.866409344049504     
   1.34599748893296        1.29914921492058        1.08955902357646     
   1.24129908066148        1.33617599982795        1.67451105993180     
  0.966012540843939        1.91140899449060       0.391888996842793     
   1.49913873151185      -0.399720863131703        1.51140249876062     
 -1.417810742236171E-002   1.46843114737402      -0.274071545185754     
   1.52450641541385      -0.226786978428535        2.10548559627181     
   1.58281864640922        1.90952198458692        2.01530222644308     
   1.34989618866598        2.06624610474185       0.891439486157888     
   2.31545783397523        1.41334160916402        2.07364112304945     
   1.94110606297896        1.61956589760199        2.17474576000079     
 -0.166802293738306        2.36220225888260        2.18314550213662     
   1.35661399308760        2.51440008562200        2.31944659447979     
  0.989925051253025        2.58911262640552        2.68518160293323     
   1.96577067287878        1.69608609907332        2.55764719149485     
   2.81056258174613        2.90227079823505        2.86438691120833     
   2.71006510790779        2.60514302125425        2.71006510363722     
   2.86438690557733        2.90227079464651        2.81056258451279     
   2.55764720558908        1.69608615085950        1.96577064016662     
   2.68518159587484        2.58911262777201       0.989925089575311     
   2.31944659026615        2.51440008791360        1.35661398656742     
   2.18314552835947        2.36220229689300      -0.166801683842511     
   2.17474574852797        1.61956593018917        1.94110602675631     
   2.07364109706461        1.41334164330279        2.31545784059832     
  0.891439523454434        2.06624608521948        1.34989612619432     
   2.01530224535454        1.90952197506767        1.58281869993828     
   2.10548563210239      -0.226786475000270        1.52450634605944     
 -0.274070992256533        1.46843119857602      -1.417813546131188E-002
   1.51140253748068      -0.399721415094436        1.49913867634693     
  0.391889092383303        1.91140899733265       0.966012573863261     
   1.67451101381897        1.33617591670479        1.24129911506831     
   1.08955896893189        1.29914927328903        1.34599749408445     
  0.866409424787859        1.19526926050588       0.755213150130047     
   1.09658584535002       0.936394245922880        1.36697661474783     
  0.453026331667679        1.46098286738636       2.245257726946143E-002
  0.730558172591316       -2.45136943886816       -1.34127084205295     
   1.39036954677049        1.52064200107681       0.515692349085174     
   1.63869008474978       0.444455908599926     
   1.07894529310503       -1.60464933331103        1.11809909417684     
 -0.174280181034068        1.51371504969413       0.573211984033227     
   1.22771870005372       0.798764372005126       0.418321531987366     
  0.281459983581094        1.56808971707114       0.405274128224887     
   1.64555482030813        1.39786817058845        1.11904848922379     
   1.27303388816712       0.969913900971402        1.23348819739072     
  0.944027005468289        1.19531813266293        1.30379391182524     
   1.72123487896076       0.567327606805225        1.81161810403288     
  0.104646178301494        1.55152772802448      -0.422625116669925     
   1.70153201330798       0.979671477044708        1.41163068932189     
  0.758126892188787        1.52284201425841       0.988060240011091     
   1.75621411582185        1.82853144272077       0.868792031916653     
   1.68206398964299       0.734775409881532        1.86554359004983     
  -5.46773752134700        2.03921994609614        1.60435488142092     
   1.56350592289116        1.79986826751128        1.05277092320738     
   2.13146701407645        1.45831360275878        1.79149346415538     
   2.18858329681226       0.988321099801786        1.99814670312836     
   2.18314553077749       -2.39214794291704        2.40611935915083     
   2.59752775257854        1.83037086992420        1.87548516088490     
   2.56050939530441        2.58711004081837        2.20051790196543     
 -0.702240826805403        2.19595164526849        2.61481867838791     
   2.65386817846108        2.61587163255162        2.65386817306109     
   2.61481867289302        2.19595165108980      -0.702241604199009     
   2.20051786351659        2.58711002323070        2.56050939477244     
   1.87548519999404        1.83037080195513        2.59752772547978     
   2.40611934477398       -2.39214510516699        2.18314550677247     
   1.99814670830744       0.988320935938135        2.18858325072603     
   1.79149344197825        1.45831355195479        2.13146697804514     
   1.05277083627720        1.79986827751353        1.56350590446749     
   1.60435491456895        2.03921995978079       -5.46772383891562     
   1.86554360002245       0.734775388296930        1.68206401983465     
  0.868792107809511        1.82853143063173        1.75621410637608     
  0.988060291934134        1.52284205591571       0.758126819585622     
   1.41163070358765       0.979671344533528        1.70153192519136     
 -0.422624249591040        1.55152776543200       0.104646156790768     
   1.81161809291441       0.567327517562354        1.72123487775805     
   1.30379384195589        1.19531822498073       0.944027038810882     
   1.23348823397989       0.969913940046124        1.27303390854016     
   1.11904855082292        1.39786812886052        1.64555480279384     
  0.405274139645174        1.56808971246240       0.281460005192488     
  0.418321441588570       0.798764443797124        1.22771871921365     
  0.573212001054968        1.51371505468577      -0.174280245394408     
   1.11809912005919       -1.60464893759486     
   1.28727392008032       0.441964285412443       0.103846590235024     
  0.166858485821600       0.789321386755563       0.936554732152976     
   1.73063937587404       0.729879281387777        1.38434310846049     
  0.975123423238467        1.04952483720035       0.659687352476207     
   1.27719696176503        1.08749243616064        1.23216632007214     
   1.42786998144839       0.753692891513821        1.44207477070609     
  0.179785720007089        1.34518923480181       0.513507568534952     
   1.69702912474041       0.425314619607056        1.45814864101829     
  0.903414212825933       0.899214590630139       -1.24230979317282     
   1.51123858652518       0.934743561903982        1.39289035834217     
   1.21573875318871        1.40593309135532        1.64147143510959     
   1.17758821197801        2.10097260535277        1.28947544423609     
   1.58303867241204        1.47689681667395        1.07944382173223     
   1.49286581627690       0.890023319345679        1.92943450336394     
   1.22307859554212        1.52533146987680        1.65761083715997     
  0.984732730667211        2.04783857255788        1.16972844558051     
   2.10027594332751        2.42716338574650       0.988320949197982     
   2.36220230151010        2.53758525036602        1.14410486722533     
   2.29930838631699        2.61524586294490        2.28454371715921     
  0.539141328943453        2.03104652595850        2.58243788710723     
   2.71516029599756        2.62973341387518        2.52110857900048     
   2.54360105171156        2.58729648010720        2.54360105836843     
   2.52110858621651        2.62973341201954        2.71516028395477     
   2.58243786994169        2.03104651600019       0.539141173762287     
   2.28454367179150        2.61524582349934        2.29930833618520     
   1.14410493948825        2.53758523219389        2.36220225857861     
  0.988321078605587        2.42716338075630        2.10027592142453     
   1.16972843943072        2.04783853998456       0.984732600437674     
   1.65761087523425        1.52533147671576        1.22307865201407     
   1.92943455620054       0.890023509272611        1.49286576193906     
   1.07944380824072        1.47689681291988        1.58303867502603     
   1.28947545228282        2.10097261809272        1.17758823913072     
   1.64147145697902        1.40593317990843        1.21573861294884     
   1.39289028413733       0.934743533588472        1.51123850452287     
  -1.24230794690497       0.899214607385331       0.903414308632836     
   1.45814867832650       0.425314646645692        1.69702913320186     
  0.513507480769748        1.34518929259776       0.179785836039769     
   1.44207477116498       0.753692878043737        1.42787001007115     
   1.23216636143282        1.08749241115927        1.27719697019720     
  0.659687266842111        1.04952474516078       0.975123524267510     
   1.38434314596777       0.729879247525847        1.73063936257057     
  0.936554673408040       0.789321468889271       0.166858653491793     
  0.103846411537949       0.441964372245395     
  0.636741623559587       -1.57025460270623       0.506596901910075     
  -1.99381332413156      -5.348181675394910E-003  0.756869358505787     
   1.33458007764350      -0.890880900734394        1.69000342955774     
   1.49992553913959       0.306880725038063        1.10660345585683     
 -0.801223060465796       0.355163682111249       0.852701669199762     
   1.15024698823713       0.424943375181284        1.36899803149415     
  -2.21985552090616        1.49469912985444       0.993854356001558     
  0.893140076740507       0.943652703386971       0.156819742736424     
  0.315552523699165       0.712764001138078       0.788573018850994     
  0.317886566051873       0.469065835427132        1.07800834448117     
   1.43810942184555       0.277550635385159        1.78220521871449     
   1.25338813433314        1.29308658144891        1.42434365790131     
   1.11834132523607        1.89117986270729       0.450751052305342     
   1.88236832869430        1.78148571068232        1.09957709854563     
   1.90878525768936       -1.90479710622630        2.13317100073946     
   1.88493796931472        1.58057850757514        2.27283218165542     
   1.11723898956160        2.10027592869194        2.18858325727939     
 -0.166801685224098        2.26944855912968        2.37392976850923     
   1.85178671836773      -0.116783077888333        1.98598163561389     
   2.41497026514175        2.37472881706556        1.66958423227133     
   1.19973101968534        2.12123255312401        2.39367367354521     
   2.54840844661582        2.61043464224297        2.54840845479850     
   2.39367368823258        2.12123256791993        1.19973102719982     
   1.66958423511663        2.37472881077585        2.41497024835906     
   1.98598159523644      -0.116783632545906        1.85178677578376     
   2.37392978376623        2.26944854208786      -0.166802348447794     
   2.18858329131970        2.10027593593682        1.11723899652162     
   2.27283216813925        1.58057844179355        1.88493802046453     
   2.13317103542348       -1.90479426239496        1.90878525011799     
   1.09957718238702        1.78148564997223        1.88236829430035     
  0.450751069513876        1.89117985730486        1.11834133196959     
   1.42434365189215        1.29308658729537        1.25338814547086     
   1.78220525973425       0.277551097439200        1.43810927182699     
   1.07800815657455       0.469066003830958       0.317886548923085     
  0.788573017446572       0.712763860386542       0.315552867282220     
  0.156819941724724       0.943652769220390       0.893140201548061     
  0.993854305139996        1.49469913795876       -2.21985479643587     
   1.36899803609728       0.424943417431037        1.15024695348111     
  0.852701578741985       0.355163888099552      -0.801222326986432     
   1.10660337876613       0.306880505895954        1.49992559629968     
   1.69000346694141      -0.890880293532637        1.33458002525791     
  0.756869244137354      -5.347908538206381E-003  -1.99381630371964     
  0.506596708009137       -1.57025298816031     
 -0.670634337820684       0.443288485456093       0.890992710635947     
 -0.173089605887818       0.693299356867918       0.770934339288106     
 -0.514954885055332      -0.576362179263588       0.744096677854160     
  0.587305812234699       0.375883338880099        1.09824652383741     
  0.138869028138134       0.516024902960662       8.741836468299442E-002
  0.125120671088888      -0.914809513108410       0.734126127454398     
  0.395485981797797       0.878085417933595        1.32676190844528     
  0.244246659457111       0.627949130024689       0.120008579321904     
 -0.221974892177062      -1.801603583466627E-002   1.14687851394696     
  0.582934804135511       0.732680973020469       0.473520756952519     
   1.11638701687019        1.32359784161801       0.749765255215847     
   1.80626701179465        1.17871710450432        1.11177937526277     
  0.824067751617572        1.40286931740650        1.49972253616023     
   1.27344162512584        2.08453184970473        1.13598304608371     
   1.80122329986403        1.69784497301784        1.50179537134013     
   2.18714326586618        1.05153607332792        2.05836419193360     
   2.27283217087314        1.16972842541673        1.79149345502728     
   2.17474575782454        1.80649577631727       0.607332793855796     
   2.23452630072649        2.50911921554942        2.11208653905843     
  0.950855406465771        2.34892839816886        2.53872145261172     
   2.46219649794324        2.39100015818509        2.39148187146849     
   2.38570713721030        2.37247083552681        2.38570712846548     
   2.39148185691823        2.39100014373814        2.46219648872816     
   2.53872144665924        2.34892839197090       0.950855402790228     
   2.11208652935912        2.50911921038249        2.23452630858676     
  0.607332913820904        1.80649575796157        2.17474575858530     
   1.79149345311051        1.16972846037782        2.27283217733345     
   2.05836418013409        1.05153615945404        2.18714329385870     
   1.50179544847743        1.69784490008707        1.80122325312825     
   1.13598305306394        2.08453183315081        1.27344160755380     
   1.49972252056866        1.40286931425224       0.824067673458194     
   1.11177929333829        1.17871716477138        1.80626703797395     
  0.749765382029080        1.32359775354443        1.11638690008269     
  0.473520960588038       0.732681075798614       0.582934711793241     
   1.14687844212168      -1.801646272093348E-002 -0.221974423419470     
  0.120008578045753       0.627949314921154       0.244246334836276     
   1.32676186997023       0.878085431555327       0.395485968947186     
  0.734126185731794      -0.914810407046546       0.125120243212657     
  8.741893087471268E-002  0.516025226127645       0.138868702850229     
   1.09824647118186       0.375883271954325       0.587305851028093     
  0.744096704962548      -0.576361969434771      -0.514954555913706     
  0.770934408354499       0.693299386737085      -0.173089645067708     
  0.890992671551600       0.443288406978051     
 -0.617882020531708       -1.84645141712542       0.178527926161106     
 -7.387551123541863E-002  0.514231289259551        1.26701965023825     
  0.830617062638697       0.742710304025465        1.37272366677828     
  0.835330459384723       -3.89122827693800      -0.810418799560371     
 -0.393637523299991       0.649862745224993        1.17758441267115     
 -0.458315666915540        1.06372208075715       0.410628738795841     
   1.01876255909774        1.01061116425240       0.221049908564151     
  0.769776417346779       1.271588159503905E-002  0.483118857062220     
  0.655133783127517       0.958031290979110       0.516444162116830     
   1.10326670278509       0.908482638039547        1.76932357459866     
  0.225491096445570        1.82970607083968        1.60732061390360     
   1.24963884765872        1.67868710317664       0.817433551733678     
   1.92453362985481       0.760286920355368        1.73396250676853     
   1.48389821174439        1.26564927836176        1.64506831266365     
  0.680996827390186        1.97129451472473        1.50728348770098     
   1.32220131427281        1.90929822861537        1.05153612542230     
   1.58057845896894        2.04783854492567        1.45831355144750     
   1.61956594837573        2.40451101607844        2.34545062892550     
   1.13094189800230        1.88459683199956        2.29438831125923     
   2.14520314870256        1.69484888032425       0.773591237732786     
  0.942625328633583        1.95336017128828        2.34445317212002     
   2.48139367787621        2.50691421646095        2.48139367519992     
   2.34445316859212        1.95336017016438       0.942625333292251     
  0.773591252309154        1.69484888934565        2.14520314114849     
   2.29438828604243        1.88459678467991        1.13094192823276     
   2.34545060834101        2.40451098484634        1.61956587990193     
   1.45831361475916        2.04783856920033        1.58057847969155     
   1.05153612507922        1.90929822993355        1.32220131066892     
   1.50728347386290        1.97129449142001       0.680996744627323     
   1.64506830602743        1.26564924516101        1.48389820958571     
   1.73396248782985       0.760286911816203        1.92453359555505     
  0.817433387414829        1.67868714606483        1.24963888000177     
   1.60732060820802        1.82970607908041       0.225490956190535     
   1.76932354748767       0.908482600335210        1.10326669089337     
  0.516444082489007       0.958031334199169       0.655133768721223     
  0.483118999327837       1.271618531805262E-002  0.769776375099700     
  0.221050054021222        1.01061107747100        1.01876252681913     
  0.410628630588865        1.06372195751658      -0.458314666616196     
   1.17758457264992       0.649862959805976      -0.393637819531315     
 -0.810418828064833       -3.89122462885147       0.835330489086174     
   1.37272369097062       0.742710334122667       0.830617074097608     
   1.26701965194435       0.514231192693548      -7.387516748662479E-002
  0.178528143413515       -1.84645041906647     
  0.429745346366869       0.688453896923187       0.414336132903851     
  0.252179224753230       0.670036027023115       3.736166875282419E-002
  0.651401349803863       0.864417539280454        1.59811197367339     
  0.555609211672075        1.28143384518335        1.02371983728189     
  0.488494013794546       3.288527644526097E-002   1.06833926860100     
  0.499509726243291        1.36149022190773        1.37879344890052     
  0.916414570102735        1.63516585031696       0.258312354225774     
  0.875906216801009      -0.349861165387545       0.985364883302629     
  0.649519299958738        1.60465701423649      -3.078375589817718E-002
   1.48387519028872       4.708782119080437E-003   1.82837037114540     
   1.59913093742216        1.48301372929137        1.98350392582286     
 -0.238502030475782        1.64098413047398      -0.482707651092607     
   1.92003921732703        1.68471308942437        1.37731978964203     
   2.05657176369854        1.16280844700144        1.50307845988168     
   1.51906655003464       0.946050128436273        1.98370896603124     
   1.61858843527844        1.32220132920020        2.18714328147892     
   1.88493799525516       0.984732668138441        2.13146699300930     
   1.94110602713303       -1.08747949766734        1.89655633305703     
   2.17232363467124        2.06360750660816        1.44827800121845     
   1.12332102910985        2.21376010931353        2.47985040193487     
   2.41923792673323        2.22461691105155        2.13484365835653     
   2.20846696747636        2.26414710673932        2.20846696353589     
   2.13484364545562        2.22461689129619        2.41923791259621     
   2.47985040089887        2.21376012386504        1.12332106091614     
   1.44827803743844        2.06360753978176        2.17232364413773     
   1.89655629604917       -1.08748147358681        1.94110607656461     
   2.13146701114865       0.984732671393986        1.88493800398464     
   2.18714328274397        1.32220128923009        1.61858849187523     
   1.98370900312954       0.946050215475618        1.51906650350839     
   1.50307839238897        1.16280853794351        2.05657177254135     
   1.37731977041085        1.68471308682169        1.92003918805065     
 -0.482707069842337        1.64098415667561      -0.238502014089034     
   1.98350393841447        1.48301377142002        1.59913088167097     
   1.82837032689675       4.709004203243219E-003   1.48387520330730     
 -3.078382884897777E-002   1.60465698048411       0.649519136409478     
  0.985364981016127      -0.349861076175805       0.875906306724656     
  0.258312052293087        1.63516580001994       0.916414532012517     
   1.37879342352028        1.36149015602266       0.499509963943720     
   1.06833937202793       3.288516589028040E-002  0.488494068043098     
   1.02371980775517        1.28143384959924       0.555609198660783     
   1.59811198774366       0.864417583244314       0.651401345537413     
  3.736171249928504E-002  0.670036068470188       0.252179432290622     
  0.414335936630222       0.688453810935873     
  0.569900476128718       4.651846214647630E-002   1.11654404365341     
 -0.126066439065797        1.50684609005558       0.810596461122721     
  0.920072041619561       0.346953791812642       0.704908178467547     
  4.969599718721929E-003   1.65909751458788        1.13842836873086     
   1.39135001955442        1.51282979947872       0.536784027039654     
   1.23814019615870       0.745508222290968        1.46754199362666     
 -0.404591703064898        1.36146570774553       -1.32644503592044     
   1.34592948181030       -2.12324771865667        1.49732185601902     
  0.180022499276085        1.55275143325441       0.919330057756696     
   1.63299260435323        1.70878817053877       0.742000114306676     
   1.73409768840619       0.128321799232731        1.46095717412157     
  0.649008912539928        1.42723783795807        1.44395354692026     
  0.381290406789825        1.47108194510346       0.278205155494326     
   1.40590271161026        1.46765338200009       0.442311493553806     
   1.88503043540670        1.71602186180578       0.811382088200151     
   1.98370896924626        1.50728347660113        1.50179539724841     
   2.13317100653948        1.65761083106312        1.05277091492025     
   2.07364110692750        2.23936445092736        1.98939861028125     
 -0.193638674540243        2.01509142702384        2.36046521897619     
   2.06077751833157       0.810552227005411       0.764613852191386     
   1.23525081748969        1.68335989484992        2.15516410322811     
   2.43483252380689        2.52067556855551        2.43483251671406     
   2.15516408082897        1.68335984038811        1.23525074578683     
  0.764613854704119       0.810552108037918        2.06077749089775     
   2.36046521945405        2.01509145014000      -0.193638801407508     
   1.98939863461425        2.23936448116921        2.07364112674916     
   1.05277088149651        1.65761087940154        2.13317103420568     
   1.50179541927330        1.50728350812308        1.98370901226313     
  0.811382275597222        1.71602180481433        1.88503038935492     
  0.442311215710746        1.46765345546880        1.40590274051014     
  0.278205206913924        1.47108195186482       0.381290315617894     
   1.44395358387705        1.42723785133059       0.649008937838048     
   1.46095718597842       0.128321756888622        1.73409767684046     
  0.742000072162514        1.70878817485268        1.63299260299657     
  0.919330017015943        1.55275137723887       0.180022823497081     
   1.49732189127574       -2.12324876112604        1.34592952434217     
  -1.32644461365259        1.36146571475607      -0.404591658576780     
   1.46754199456619       0.745508180046356        1.23814026033587     
  0.536784160770974        1.51282979921710        1.39135005780663     
   1.13842834356017        1.65909753506519       4.969785895064130E-003
  0.704908167258873       0.346953743033605       0.920072059756844     
  0.810596368013056        1.50684604388400      -0.126066597240395     
   1.11654404861952       4.651844598585179E-002
   1.76344615192082       0.602726910306903        1.41611162198609     
  0.506009036115189        1.43238756711300       0.968272320507588     
   1.31413192741249        1.39767274528837      -0.593394610958788     
 -0.203363664508978        1.12943055120754       0.604988537980241     
   1.49014732560292        1.62938185469681       0.454507654489621     
   1.61744897282990       0.268764850266842        1.12109645255836     
 -9.406489426735139E-002  0.643254643762009       0.621024537624679     
   1.57416523216931       0.199079670164505        1.59342090563976     
   1.34922223704956        1.01733445691249        1.34947981954780     
  0.860662049152528        1.79458387975166        1.12830650865565     
   1.13747112866389        1.42082408734902      -0.174783135522854     
  0.677306758255425       -1.15286815584907        1.41207823100794     
   1.53203788099561       -1.55692265697815        1.58432242516058     
   1.44918269160132       0.562947147505751        1.41610601411200     
  0.269948287767784        1.92853291744202        1.71602185266921     
  0.946050140841376        1.97129450318798        1.69784495011326     
  -1.90479724963915        1.52533143636478        1.79986825266844     
   1.41334162455485        1.06085257623727        2.16574239792358     
   2.22002736967955        1.47345501100868       0.673544049448606     
   1.48501736485915        1.84187509559134        2.23947833553714     
   2.40301314303893        2.25983130865181        1.99341283074221     
   1.94895716226031        2.00850802039442        1.94895718398800     
   1.99341286765803        2.25983133948709        2.40301316131245     
   2.23947833791591        1.84187507498322        1.48501734161831     
  0.673544101877357        1.47345496135271        2.22002735861799     
   2.16574240861209        1.06085264250154        1.41334161948701     
   1.79986828750801        1.52533151130367       -1.90479393817424     
   1.69784492823415        1.97129451416151       0.946050242115004     
   1.71602180526564        1.92853288940724       0.269948150362436     
   1.41610605202247       0.562947236993563        1.44918268706066     
   1.58432244792197       -1.55692349710159        1.53203788307462     
   1.41207825206804       -1.15286801023943       0.677306789374008     
 -0.174783225488916        1.42082408319052        1.13747112529199     
   1.12830651400656        1.79458387666503       0.860662034760447     
   1.34947979743944        1.01733436062339        1.34922230311027     
   1.59342091638482       0.199079746889997        1.57416521647439     
  0.621024325683446       0.643254856830328      -9.406495724699618E-002
   1.12109652871957       0.268764743323621        1.61744901412338     
  0.454507915582279        1.62938182242636        1.49014733926278     
  0.604988500067814        1.12943058207558      -0.203363882804670     
 -0.593394680264606        1.39767273245139        1.31413193845717     
  0.968272229442884        1.43238748681632       0.506009261810627     
   1.41611168036473       0.602726831779867     
   1.86554502983459       0.751128917531886        1.58660818731473     
   1.24807409766878       0.953722453605868       0.742221811668961     
   1.22156206786283        1.19098849302518        1.01198439235896     
   1.52782234513704      -0.162561295069331       0.682088445253497     
 -9.648099581516861E-003  0.861591241992915       0.381788049559446     
   1.36764304422782       0.455672410857641       0.679911251686986     
 -0.450283849729094       0.746418916814600       -1.03269410405940     
   1.14183337781925       0.804362025747765       0.902698594261303     
   1.30283080922202       -1.68408074570031        1.39571033626831     
   1.22444265558110       0.103909165045810        1.27493874141091     
  0.488826218026723        1.03399563000329        1.11947495454141     
  0.742755264607958        1.65031588170559       0.570569199105448     
   1.61635846924178        1.52580705299864        1.30506139592527     
   2.00138369039705       0.523115306863633        1.97122941214857     
   1.94782650342538       0.269948259048965        1.88503042785148     
   1.51906655412142       0.680996745089426        1.80122328032792     
   1.90878527050501        1.22307867404320        1.56350588953723     
   2.31545783758008        2.22012774085765        1.01809407629633     
   1.45573055562010        1.87180973953048        1.98066710716854     
   1.95851482558205        1.27464207218536        1.24092236889170     
   1.85140802872592        1.70284342476444        1.81639034736869     
   2.33724964698847        2.55889061541376        2.33724966922688     
   1.81639040837715        1.70284348796582        1.85140806164643     
   1.24092239927815        1.27464204680213        1.95851480144547     
   1.98066707023962        1.87180970048520        1.45573053378352     
   1.01809403522515        2.22012772689518        2.31545783926478     
   1.56350593758085        1.22307857609272        1.90878523598228     
   1.80122326495096       0.680996778670136        1.51906651469552     
   1.88503039674329       0.269948129656500        1.94782650619564     
   1.97122940747504       0.523115329337133        2.00138369908688     
   1.30506144089834        1.52580701297371        1.61635845500449     
  0.570569165704713        1.65031587536094       0.742755318009817     
   1.11947488145776        1.03399553316857       0.488826413525889     
   1.27493881604617       0.103909346428304        1.22444263398425     
   1.39571030582636       -1.68408292383426        1.30283086944411     
  0.902698589786412       0.804362075846894        1.14183332188794     
  -1.03269207135016       0.746419125882011      -0.450283599763508     
  0.679911522726969       0.455672217417816        1.36764311000862     
  0.381788456424508       0.861591094985309      -9.648113088001033E-003
  0.682088392755709      -0.162561271799042        1.52782233687524     
   1.01198439294132        1.19098847832838        1.22156206080059     
  0.742221786936029       0.953722406116210        1.24807414472614     
   1.58660822042149       0.751128859937443     
   1.14041208768195       -5.91300122121306        1.37403359257966     
  0.889133376036149       0.797597714855926       0.745304719939084     
  0.520480849817057       0.332821864317692        1.21569824068798     
   1.58600862449009       0.233457011873875        1.22093638834323     
   1.18389988116881      -0.313606193197504      -0.404076134516767     
 -0.958262158153187       1.216028887814714E-002  0.520904193679999     
  -1.40035714663338       0.946478180365455        1.18789041735023     
  9.604432389936016E-002  0.794035957052744       0.867372875487995     
 -0.264746044929404       0.951524162955773       -1.08367139109495     
   1.54536588842818        1.54434308255017      -5.893821645537070E-002
   1.47795311326205       0.225941262758926        1.26915338854988     
 -0.159417680025313        1.79205670361231        1.82226854854238     
  0.515595977288817        1.80639713481845       0.576540132103651     
   1.60610031792016        1.23278227622213        1.46245685609028     
   1.97122941531752        1.41610602935178       0.442311443797092     
   1.50307846493587        1.64506833458057        1.13598305364537     
   1.09957718501295        1.92943455666407        1.60435492823882     
  0.891439494294368        1.93025300589954        1.95968516473962     
   1.73683970989197        1.24615242283409       0.609477615424141     
   1.89240461274263        2.04092246026501        1.82950776843064     
   1.95633230097662        2.32666628160454        2.31972184814116     
   1.64828923589856       0.398504723634256        1.64828917932405     
   2.31972181243521        2.32666625547263        1.95633228398298     
   1.82950775751517        2.04092243899795        1.89240456593560     
  0.609477384851619        1.24615249447444        1.73683971116169     
   1.95968514197314        1.93025298312293       0.891439506853808     
   1.60435487717661        1.92943450979622        1.09957709445092     
   1.13598308814322        1.64506832894921        1.50307843512536     
  0.442311295626860        1.41610606904725        1.97122942161317     
   1.46245685124217        1.23278227486598        1.60610031534775     
  0.576540079624516        1.80639710867099       0.515595910557497     
   1.82226853958963        1.79205669002477      -0.159417787135892     
   1.26915331025149       0.225941644696992        1.47795321518465     
 -5.893767916022006E-002   1.54434303380003        1.54536587580077     
  -1.08367175528486       0.951524263727907      -0.264745660743914     
  0.867372891919365       0.794036053519566       9.604435559900927E-002
   1.18789052309662       0.946478273948459       -1.40035555129296     
  0.520904549480833       1.216058043582544E-002 -0.958263097559627     
 -0.404076964477426      -0.313605825380162        1.18389986614662     
   1.22093635653496       0.233457037781948        1.58600861519485     
   1.21569821714567       0.332821915496732       0.520480834249770     
  0.745304794191237       0.797597810927118       0.889133319190887     
   1.37403358935499       -5.91295927991040     
  0.383524790816119       0.266361635674011      -0.814353071375181     
  0.252784106736924       0.751848098597407       0.341177566314405     
 -0.919893425147443      -1.814159617500720E-002  -2.34731423768615     
 -0.617980486992100      -0.177928036822330       0.920680376185014     
  0.973313521412698      -0.820276582891190       0.890787943437548     
   1.04412594841789       0.289780525872120       -1.44557613278905     
 -0.185876821336294       -1.12688085774538       0.908962617667483     
   1.23084010131102      -0.820963354276054        1.51958449013382     
   1.08498774280213        1.33010902406237        1.68909077904685     
 -0.634742092436993        1.66808719898949       0.741226259826001     
   1.52571726526129        1.31041932018203        1.27614352369234     
   1.68120539509029      -0.272042018111023        1.67304800743202     
  0.859780196270083        1.40519565479709        1.53462435572624     
  -1.04328242891646        1.21069463934639        1.23278227695339     
  0.523115270884366       0.562947232510628        1.46765341547938     
   1.16280846189313        1.26564929257422        2.08453184368493     
   1.78148566102330       0.890023509714195        2.03921997536649     
   2.06624610356967        1.71285984662190       0.662441689854443     
   1.34228865828236        2.03378106401962        1.98914350589251     
   1.26374895724588       -1.23367972597134      -0.186188308539531     
   1.24031135135633        2.07812325006707        2.32389438100244     
   2.14625815081976        1.93282249525584        2.14625812904400     
   2.32389435888190        2.07812323589729        1.24031136769608     
 -0.186188167676519       -1.23367939913487        1.26374903527166     
   1.98914354932356        2.03378109231142        1.34228866508958     
  0.662441773991263        1.71285987200692        2.06624609836290     
   2.03921994148926       0.890023347163339        1.78148569897938     
   2.08453185114966        1.26564929117547        1.16280846541042     
   1.46765342456375       0.562947279900843       0.523115223528546     
   1.23278225001446        1.21069458385064       -1.04328147926240     
   1.53462438131598        1.40519564390769       0.859780221043867     
   1.67304799101889      -0.272042312699399        1.68120540914980     
   1.27614349761185        1.31041937883474        1.52571732105115     
  0.741226156830380        1.66808720066061      -0.634741589430291     
   1.68909075617150        1.33010905770306        1.08498767130179     
   1.51958449919574      -0.820962528620314        1.23084006301056     
  0.908962676738399       -1.12688133677629      -0.185876547806969     
  -1.44557434273046       0.289780548414916        1.04412586758542     
  0.890787875344501      -0.820276773037261       0.973313474614534     
  0.920680378258928      -0.177927848401040      -0.617980944675945     
  -2.34731005377360      -1.814132247877402E-002 -0.919893201931724     
  0.341177701371025       0.751848229632077       0.252784227858216     
 -0.814352913266929       0.266361727361455     
   1.11054931519500      -0.568565290776760        1.18593226106791     
   1.00936672860485      -0.326528843747802       0.339996141979403     
 -0.497479300281521       -2.72843191056193        1.12117351818562     
   1.30087689353178      -0.307265821191727       0.785779866030298     
  0.473969770148321      -0.621673939344015       0.351627031087214     
  0.328051940482208       0.531036324865610        1.07267238670830     
 -0.150102071094685        1.46495923193495       0.831537827074482     
   1.16857851357626        1.08227924467422        1.13144181066701     
   1.53539145830935       0.538373080114387        1.88762148253654     
   1.37849921954149        1.10108861089217        1.19845605747560     
  0.946253408142627        1.43698646140401       0.397198523155442     
   1.82047345646501        1.55658038810399       5.032740425186391E-002
   1.25382640053138       0.237204297012840       0.971311400482068     
   1.22998710146602       -1.04328270068718        1.60610033190827     
   2.00138368872110        1.44918265754995        1.40590275927276     
   2.05657177297552        1.48389819572678        1.27344163989264     
   1.88236831005715        1.49286576432762       -5.46781767529734     
   1.34989617857542        1.89140635895019        2.04328233861051     
   1.64303849814220      -6.211493615435519E-002   1.54513082625355     
   1.59693775814113        1.61793352116782        1.94533956979437     
   2.16312502596675        2.08662282857297        1.80491045080231     
   1.58109614512033        1.53406599690346        1.58109615341499     
   1.80491045863915        2.08662282649069        2.16312501120277     
   1.94533954349645        1.61793350457500        1.59693778544441     
   1.54513089348982      -6.211446032214676E-002   1.64303845237665     
   2.04328233057503        1.89140636296613        1.34989616532666     
  -5.46767721144728        1.49286581428481        1.88236831582249     
   1.27344160400479        1.48389821145983        2.05657175961497     
   1.40590271171851        1.44918268234364        2.00138368465076     
   1.60610029949856       -1.04328142365130        1.22998721857815     
  0.971311517792012       0.237204220567657        1.25382640533390     
  5.032732257868848E-002   1.55658042617765        1.82047348535850     
  0.397198612889193        1.43698645401217       0.946253418035514     
   1.19845606500305        1.10108868966198        1.37849911303792     
   1.88762143328860       0.538373044937812        1.53539143557184     
   1.13144182480965        1.08227916577324        1.16857846762283     
  0.831537804146688        1.46495921886979      -0.150101999913890     
   1.07267239055494       0.531036456435527       0.328051778990862     
  0.351627073608774      -0.621673450681098       0.473969795372950     
  0.785779763529815      -0.307265340066164        1.30087695752611     
   1.12117359878662       -2.72842537534892      -0.497479469645905     
  0.339996049827366      -0.326529019799569        1.00936667737723     
   1.18593215615327      -0.568564625565102     
   1.14051236395517       -1.20115752927995        1.38193859772138     
  0.220563950943437        1.44791852887306        1.21721253155388     
  0.886868086102655        1.15507951804564       0.698299074056419     
   1.29759393845377       0.317094299765028        1.60359915819447     
   1.02592990640508       0.566290170188175       0.566923485331078     
  -1.53556748971019       0.843501684550964        1.46655763147523     
  0.167350659867602        1.58920641580341        1.58148081460160     
  0.569823159170554        1.63176329271854       0.312083845470976     
   1.43614052562267        1.16618393488335       0.818142829596114     
   1.24043604477669      -0.436372448224613        1.21224066821283     
  0.204888120293905        1.06745163369105        1.10948654140440     
 -0.163026038366015        1.27515601505520       0.894486931991514     
  0.713471729668975        1.47079014313959       0.924786771873577     
  0.971311374411863        1.53462432510471       0.576540011892064     
   1.30506142928631        1.58432241754126       0.278205035102108     
   1.37731980045221        1.73396248210564        1.49972248667761     
  0.450750953779330        1.07944383075247        1.86554359280846     
   2.01530223053281        1.51965850228219       0.613582263452970     
   1.71697619122627        1.72077558198531        1.40161145418667     
   1.16581261945363       0.890678360417840      -3.312789466330306E-002
   1.71431595598299        2.16325400712908        2.20068211827571     
   2.01046958895958        1.86885348658154        2.01046958292314     
   2.20068211816296        2.16325401335329        1.71431595661151     
 -3.312805809711535E-002  0.890678428552774        1.16581261667385     
   1.40161138768575        1.72077550122553        1.71697610501434     
  0.613582049758374        1.51965853356458        2.01530223720778     
   1.86554360265777        1.07944383028973       0.450751112036630     
   1.49972256306421        1.73396251290640        1.37731976564116     
  0.278205288198369        1.58432244805881        1.30506141379430     
  0.576540134138405        1.53462438484945       0.971311513765551     
  0.924786647732220        1.47079011722993       0.713471747225883     
  0.894486920482771        1.27515603651315      -0.163025816341126     
   1.10948649329163        1.06745161659683       0.204888044638251     
   1.21224063908797      -0.436372258138622        1.24043594404041     
  0.818142650682284        1.16618398847579        1.43614052575373     
  0.312083816358451        1.63176327407340       0.569823133381119     
   1.58148081154418        1.58920642770866       0.167350555996242     
   1.46655764582697       0.843501798243576       -1.53556641851887     
  0.566923420146390       0.566290095248585        1.02592984974797     
   1.60359909353655       0.317094102929351        1.29759395652452     
  0.698299103168711        1.15507949565269       0.886868107798284     
   1.21721248400451        1.44791852370144       0.220563675127639     
   1.38193847906371       -1.20115924382571     
   1.15555401655491       -1.44405721301945        1.12167086294631     
 -0.670805295338065        1.61369700940958        1.10137534041182     
   1.36893455161836        1.62079012241213       -1.44548742917352     
  0.897753973340518       0.471593924730365        1.32746212188886     
  -1.03821732849401        1.49090022989116       0.932489179352797     
  0.934760039442867       0.812868529327826       0.908669192535983     
   1.20385105841362       9.824214815033773E-002   1.29129615570883     
 -0.452803219490489        1.40942503597163        1.34068379467533     
  0.310228363412850        1.54394570014952        1.23814901032698     
 -0.515515882489691       0.535346757710435       0.375171459819821     
   1.24090971033335       3.459779952570655E-002   1.42774588508769     
   1.67916851866727       0.537906239853797        1.08304856001304     
  0.754723500070322       0.990906687126400        1.47079015287479     
  0.237204353733701        1.40519562465640        1.80639710257909     
   1.52580700993864       -1.55692313524978        1.47108192869213     
   1.68471307917224       0.760286964799081        1.40286926810728     
   1.89117983642170        1.47689679513722       0.734775413765647     
   1.90952197507777        2.07175442579982        1.77267769631192     
  0.648580111846296       0.743357322134405        1.23713856560448     
   1.44002283070700        1.79744793656719        2.05852246526380     
   2.01771699085161        1.67504622833846        1.40352982976763     
   1.61619334926051        1.77918146590568        1.61619335297901     
   1.40352980143051        1.67504617856483        2.01771696295194     
   2.05852246726778        1.79744796999960        1.44002286938601     
   1.23713853484539       0.743357102999763       0.648580459829345     
   1.77267778211546        2.07175446058964        1.90952198818033     
  0.734775410819366        1.47689681707532        1.89117987150187     
   1.40286934654724       0.760286889173599        1.68471310244368     
   1.47108197790406       -1.55692354206311        1.52580703479225     
   1.80639712304948        1.40519564733056       0.237204236939202     
   1.47079011501348       0.990906645777970       0.754723487286256     
   1.08304852878645       0.537906262888652        1.67916850755336     
   1.42774586422306       3.459776533424740E-002   1.24090964281553     
  0.375171203505055       0.535346869447040      -0.515516125557275     
   1.23814908517349        1.54394573955121       0.310228424754243     
   1.34068379459405        1.40942505352020      -0.452803480403496     
   1.29129614941073       9.824236721976821E-002   1.20385097914285     
  0.908669173539909       0.812868459672961       0.934760020280661     
  0.932489125332802        1.49090022352733       -1.03821634185405     
   1.32746204692619       0.471593904733537       0.897753904509285     
  -1.44548681389466        1.62079012675488        1.36893458449678     
   1.10137526263811        1.61369699283726      -0.670804846986840     
   1.12167076940566       -1.44405602892044     
   1.02363446044511      -0.409179778107047       0.814617517482538     
 -0.352817021848906       0.848280926255579      -3.911631294776611E-002
   1.07157048004455        1.03251539333215       5.798982336005017E-002
  0.817352130940334       -1.31545149314782      -6.595241956255568E-002
  0.961577125315672        1.45463816566811      -0.190891345288142     
   1.56484056561819        1.69961973275538       0.237322856542337     
   1.29800147504572        1.29576850893289       -1.76572686705796     
   1.03651811045233       0.193076895883016       0.985486219144969     
   1.07465647275057       0.264037445322051        1.32824024446586     
  6.686928053694569E-002   1.28487953579465        1.01769367349985     
   1.08293105782313        1.52120895189133       -1.16576096903971     
   1.59944675288020        1.24799944311593       0.865009500427909     
   1.50275387955097       0.754723455347599       0.713471762536872     
   1.25382639339974       0.859780180749641       0.515595944932515     
   1.61635845161185        1.53203787834549       0.381290309948808     
   1.92003919224109        1.92453361089953       0.824067727880300     
   1.11834132316115        1.58303867591788        1.68206400872314     
   1.58281868715310       0.659801382044583        1.05786567558602     
   1.50119970251348        1.27679681299091        1.18186728137508     
   1.39560939020274       0.944024714443266        1.11433715017833     
   1.94677549879607        2.03203565780694        1.93585517590927     
   1.98087581879416        2.04997504205274        1.98087581422480     
   1.93585514833411        2.03203561420687        1.94677546328311     
   1.11433716893934       0.944024578328812        1.39560930854488     
   1.18186725511096        1.27679688691746        1.50119981833932     
   1.05786588766261       0.659801149456949        1.58281865657167     
   1.68206400704914        1.58303867977115        1.11834133152871     
  0.824067723799582        1.92453362249691        1.92003921855659     
  0.381290444480943        1.53203787348658        1.61635846104230     
  0.515595913143106       0.859780252341143        1.25382642335018     
  0.713471728432779       0.754723532531221        1.50275389720978     
  0.865009485414757        1.24799945895357        1.59944674702150     
  -1.16576144573576        1.52120896005699        1.08293101019700     
   1.01769376699137        1.28487958212183       6.686931405447891E-002
   1.32824028793461       0.264037599470089        1.07465643963200     
  0.985486240894721       0.193076650745438        1.03651799061883     
  -1.76572796720764        1.29576845302499        1.29800139706371     
  0.237322934682600        1.69961972641768        1.56484059026487     
 -0.190891755660203        1.45463814131592       0.961577188024157     
 -6.595258052659235E-002  -1.31545073892453       0.817352033364128     
  5.798982392677120E-002   1.03251534196570        1.07157046988183     
 -3.911643793909972E-002  0.848280902724365      -0.352817062583514     
  0.814617531183321      -0.409179932050207     
  0.231797867098988      -0.932004965765263       0.227695485312610     
  0.566376832676031       0.426367196874980      -3.163173439386091E-002
 -0.476234370307404       0.841620961904785       0.989057608653211     
  0.249387123351268      -0.882342947839730       -3.25684272303317     
 -3.926006208978473E-002 -0.539917685713066      -9.792482502067169E-002
  0.658534333065245       0.945474528820578       0.776705570834623     
 -0.110023147395385        1.31927321493649       0.958626924433029     
   1.12644382889424        1.67455077563000       0.255736665883516     
   1.51133736812413        1.32631977202291       0.412698896028975     
  0.665100767338823        1.18781689619840        1.59537355768031     
  -1.36234963497681        1.56789377358592        1.37170385998897     
  -1.27183761708342       0.499663810868371      -0.542037423444575     
  0.865009459141011        1.08304851545748       0.894486918214628     
  5.032726880547820E-002   1.67304797510026        1.82226852757330     
  0.570569140825737        1.41207825824660        1.44395359110723     
 -0.482707063029307       0.817433399450123        1.11177928191770     
   1.42434361963699        1.28947541909511       0.868792096131155     
   2.10548562298836        2.14284848569336        1.29444753910909     
  0.103675726278988       6.849869482560406E-002  0.526016592637570     
   1.70762103427028        2.10403986206332        1.93764032084864     
   1.45315608382311        1.36618114669405        1.59960925068486     
   1.58370846972961        1.48343243964130        1.58370847411268     
   1.59960927977723        1.36618121011053        1.45315611234032     
   1.93764029780456        2.10403981999278        1.70762097418407     
  0.526016511798333       6.849888756340226E-002  0.103676179759896     
   1.29444739831005        2.14284844568561        2.10548560725830     
  0.868792092944088        1.28947543826370        1.42434367146573     
   1.11177938432283       0.817433536603158      -0.482707551407003     
   1.44395355394659        1.41207823199209       0.570569221908847     
   1.82226856058394        1.67304802504336       5.032749053632308E-002
  0.894486927027856        1.08304858350375       0.865009547125988     
 -0.542037288211138       0.499663846176576       -1.27183748658270     
   1.37170388185565        1.56789380246624       -1.36235019641533     
   1.59537355259820        1.18781689119566       0.665100794398662     
  0.412698954343927        1.32631974515613        1.51133735046474     
  0.255736595196474        1.67455071438154        1.12644367566959     
  0.958627021021649        1.31927318792688      -0.110023414795103     
  0.776705597556137       0.945474550563226       0.658534508685349     
 -9.792419037320750E-002 -0.539918303283206      -3.926006228536218E-002
  -3.25684219071386      -0.882342374928364       0.249387036714680     
  0.989057691315614       0.841621140975189      -0.476233716955165     
 -3.163201023686191E-002  0.426367034909147       0.566376759531594     
  0.227695604280246      -0.932005729893745     
  0.293754463860189       -1.93434394921752       0.281207314916606     
  -2.74315281933416       0.805466730662296       0.377157376693704     
  0.843333212001200        1.28110091863216       4.848287445236591E-002
  0.791851848015812       0.466991413669581       -1.41321820348193     
  0.472656799517220        1.28254950323497       5.383991604472337E-002
   1.52275049658224        1.59299724653922      -3.376709626419592E-002
   1.42355993475301      -0.923086046915623        1.32514766628100     
 -0.437772949405277        1.58023795254860        1.27085291161770     
   1.14923552398753        1.51556960142111      -0.334998579703129     
   1.36811369210056      -0.130311322587049        1.25141107557492     
   1.01216837097096       0.125459905066950       0.995501381648215     
  0.795793961317421      -1.618866090103499E-002  0.499663843415912     
   1.24799946406748       0.537906263158124        1.27515603268474     
   1.55658041766219      -0.272042278231172        1.79205668319514     
   1.65031585924537       -1.15286761321450        1.42723786516353     
   1.64098416201835        1.67868715200793        1.17871719834131     
   1.29308653518419        2.10097260229905        1.82853143547847     
 -0.226786707897039        1.27125562909658      -0.120584681164428     
  -1.38887002340657        1.35891742286812        1.80212692752341     
   1.14996794974058       0.826680077424972        1.40527218325235     
   1.52458639904496        1.85747776506327        2.06573660285090     
   1.98742263782592        1.86685382023741        1.98742263105953     
   2.06573660487142        1.85747778153557        1.52458640945384     
   1.40527214558231       0.826679941526887        1.14996802356107     
   1.80212693577554        1.35891739472679       -1.38886865240314     
 -0.120585061860187        1.27125557593276      -0.226786727307063     
   1.82853142410631        2.10097260823143        1.29308661549163     
   1.17871707663921        1.67868710538427        1.64098414498873     
   1.42723785220047       -1.15286823024184        1.65031589480399     
   1.79205671245392      -0.272041993163475        1.55658038657131     
   1.27515601308951       0.537906211083949        1.24799941670078     
  0.499663788489899      -1.618876383548123E-002  0.795793891752348     
  0.995501362086362       0.125459980661638        1.01216832954659     
   1.25141105763415      -0.130311355041094        1.36811366436500     
 -0.334998814784412        1.51556960831170        1.14923549760615     
   1.27085291171278        1.58023789777231      -0.437772050952511     
   1.32514773866318      -0.923085877536646        1.42355997536207     
 -3.376695709110619E-002   1.59299721292980        1.52275040858112     
  5.384051212655564E-002   1.28254958954689       0.472656845211102     
  -1.41321864134125       0.466991533287606       0.791851867984032     
  4.848317117921543E-002   1.28110103712669       0.843333406191083     
  0.377157018746122       0.805466481900714       -2.74316320047212     
  0.281207321269302       -1.93434202988264     
   1.10553754789139      -0.474877670021043        1.15783183107963     
  0.957630068365933       0.119209087265677       0.535573974090005     
  0.224673536074565       0.405618727337940       0.938321696376290     
   1.43160449550625      -0.337766029836037        1.12784845221117     
  -1.65437446917150        1.50778555518493       0.805268273688967     
   1.74429176597296        1.97848740038305       -1.19741120198888     
   1.90524228630650        1.33822112008677        1.41919356329699     
   1.58393416346041      -0.102574610249569        1.22343331627462     
  -3.00873624115395       0.886960362700805      -7.956202041929243E-002
   1.44046437047203        1.28327848864603      -0.667809795431818     
  0.696168727314867        1.01666311027956       0.873562375301140     
  -2.69537063840542       0.795793935194713       -1.27183735810849     
   1.59944674874431        1.67916849575381      -0.163025760857977     
   1.82047347489076        1.68120539443509      -0.159417751424771     
  0.742755266481329       0.677306759483226       0.649008953258336     
 -0.238501946513333        1.24963888036475        1.80626704700200     
   1.25338817328569        1.17758822248342        1.75621412259910     
   1.52450640026059        1.40817941865637        1.64466310967811     
   1.32681175325928       0.785754150940525        1.80299818891213     
   1.80823110800890        1.65778672330568        1.74330821440605     
   1.70616835664560        1.22416665578425       0.864232861967447     
   1.48319922380372        1.78069977903742        1.48319925365088     
  0.864232889190859        1.22416661459028        1.70616832204815     
   1.74330820553503        1.65778674505654        1.80823113052331     
   1.80299820110688       0.785754179409764        1.32681172682709     
   1.64466308547242        1.40817938273014        1.52450636020341     
   1.75621409280035        1.17758821830474        1.25338810162339     
   1.80626699623180        1.24963884355944      -0.238502151615353     
  0.649008869836551       0.677306771151198       0.742755310446697     
 -0.159417725583544        1.68120540414624        1.82047345974019     
 -0.163026131767965        1.67916852740553        1.59944674609228     
  -1.27183769062907       0.795793902145146       -2.69537535103468     
  0.873562436433052        1.01666313518603       0.696168776673228     
 -0.667810327093344        1.28327839697900        1.44046427476947     
 -7.956250812212558E-002  0.886960421774376       -3.00874148002856     
   1.22343336594217      -0.102574733006023        1.58393422770339     
   1.41919362355405        1.33822112755848        1.90524231533748     
  -1.19741006139986        1.97848736631213        1.74429170643062     
  0.805268434187646        1.50778558481287       -1.65437455210048     
   1.12784842019474      -0.337765656776298        1.43160452242987     
  0.938321654649763       0.405618900406204       0.224673804112394     
  0.535573688763447       0.119208459363323       0.957630269846147     
   1.15783188569287      -0.474877563608941     
   1.16089696422947       6.368106303794493E-002  0.997691477825881     
  0.956119519426395      -0.443869855856013       0.605212685307000     
  -1.62323618380969       -2.02936462775595       0.935138423682229     
   1.12362324562037       0.455192955313106        1.68341553144570     
   1.24047705496572        1.08231647573674        1.45015253364142     
 -0.322159226861709        1.31029051955982       -1.29963095974514     
   1.59314677250322        1.21992135392258        1.09475218615788     
   1.60406815453700       0.602186415206111       0.748690735077715     
  0.598527063475256       -1.04594687084578      -0.174969835988600     
  -1.71445375958207       0.232301116764077       0.757750914156615     
  0.541614863082447       0.437460473787121        1.37918591643348     
  0.873562405318803       0.995501350761209        1.37170384887713     
  -1.16576124204813        1.42774583770677        1.10948645856513     
  0.397198591237305        1.27614348733876        1.26915333663711     
   1.11947492411333      -0.174783256337750        1.46095722002832     
   1.98350395238192        1.60732061194322       0.749765373890011     
   1.78220524950398        1.64147143925896       0.988060228402882     
 -0.274071503679660       0.294143609858211        1.10461161328432     
   1.18564249885828       0.897704615832031       0.878088124660237     
  0.926056003160158       -1.12461867580040        1.54096325732780     
   1.85702762091963        1.67255179052460        1.62157804659434     
   1.99985790046256        2.19415657384182        1.99985792390279     
   1.62157806128142        1.67255174531293        1.85702755923070     
   1.54096320473685       -1.12461839945078       0.926055910602743     
  0.878088029203555       0.897704503638666        1.18564237110061     
   1.10461144177577       0.294143231875203      -0.274070971003182     
  0.988060317950105        1.64147145186617        1.78220522089751     
  0.749765226379341        1.60732062479881        1.98350392140062     
   1.46095715298697      -0.174783111940530        1.11947492781399     
   1.26915337720617        1.27614353780727       0.397198528223663     
   1.10948658391583        1.42774591630297       -1.16576093993826     
   1.37170387015315       0.995501360063071       0.873562419814393     
   1.37918591211915       0.437460462191484       0.541614760831545     
  0.757750715785148       0.232300628147196       -1.71445833224701     
 -0.174969264631130       -1.04594645868316       0.598527190141546     
  0.748690886709955       0.602186371952791        1.60406819750976     
   1.09475228368453        1.21992132850653        1.59314680107946     
  -1.29962955906200        1.31029045049292      -0.322159534148348     
   1.45015253872168        1.08231643931723        1.24047707433348     
   1.68341551177634       0.455192786945493        1.12362330602592     
  0.935138447577411       -2.02936446883609       -1.62323686118571     
  0.605212527264495      -0.443870754578045       0.956119695833536     
  0.997691568698799       6.368100430496351E-002
  0.129598208100641      -0.336470308709594       -2.23341604476322     
  -2.34864844392450       1.894748050812799E-002  0.154474980351853     
  -1.10915172915197       0.487481661493155       0.151371577432015     
  -1.02055677476286      -0.821905020913928        1.03586056379270     
   1.24566208894816      -0.657251352792146        1.30441924841016     
   1.46355788530733       0.580504704345022       0.270899303435978     
  0.399417058060629       -1.86987008747257      -0.554276715538341     
  -2.16297151657912       -1.48803662708101      -0.789250812528267     
  0.142744993956924      -0.352171737268841       0.586670574568015     
   1.38063292306546        1.28871465343239      -0.892409984129735     
   1.33076790596629        1.03987250829999       0.437460558181964     
   1.01666313900856       0.125459893181698        1.56789377033320     
   1.52120894942529       3.459789506335993E-002   1.06745158248308     
   1.43698645520197        1.31041936275416       0.225941426478846     
   1.03399560988083        1.42082407232701       0.128321549366503     
   1.48301379026730        1.82970607339923        1.32359776967957     
  0.277550890074655        1.40593312095381        1.52284202122558     
   1.46843115076660        1.43288010618410        1.37918584317567     
   1.02473371711348       1.137362113531636E-003   1.67772600173324     
   2.03497520029278        1.87093098610615        1.26004205950378     
  0.890338167485883        1.38123112127497        1.57654694923956     
   1.26798785020408       0.886504278743001        1.26798778663728     
   1.57654692994994        1.38123119228706       0.890338377338931     
   1.26004212821471        1.87093096203596        2.03497516019079     
   1.67772595535065       1.137043392994448E-003   1.02473389168853     
   1.37918599469711        1.43288021888824        1.46843120918595     
   1.52284205720068        1.40593314898482       0.277550827335203     
   1.32359782850303        1.82970608207694        1.48301372803893     
  0.128321940742134        1.42082410524134        1.03399559476482     
  0.225941384335025        1.31041932824912        1.43698646466319     
   1.06745167377585       3.459764923065937E-002   1.52120895036962     
   1.56789378736156       0.125459928076377        1.01666310204110     
  0.437460346293205        1.03987262371788        1.33076791849078     
 -0.892410911536293        1.28871475978315        1.38063299808929     
  0.586670673885479      -0.352171733016985       0.142745173721457     
 -0.789250096015534       -1.48803723941358       -2.16297396769680     
 -0.554277436515983       -1.86986761732559       0.399417073987484     
  0.270899163515556       0.580504808687514        1.46355788716537     
   1.30441920054130      -0.657250812887964        1.24566210492875     
   1.03586051562385      -0.821905644659553       -1.02055612231309     
  0.151371442569717       0.487481581535335       -1.10915192847907     
  0.154474882470732       1.894720507351399E-002  -2.34865347147133     
  -2.23341247538099      -0.336470522536941     
  0.932593089889264      -0.165804224728548       0.733011056456918     
  0.703495897606440       -1.84016174857039      -0.650729625842175     
  -1.53644931169937       0.543647554531756        1.18159618431325     
  0.425460635026778        1.16779674953956        1.45160403337299     
  -1.37142595604492        1.29228709239256       0.508002368344967     
   1.22361641543689        1.19731468046302       0.914924795944322     
   1.71732936724351       0.973296340044060        1.25745760554551     
   1.54454700540938       0.271687864715906       0.753205843604407     
  6.952577343966983E-002  0.515769724695156       0.118829043547514     
  0.861883865603247        1.34961007822208       0.607805610390311     
  0.886487129515142        1.33076784793460       0.541614712804958     
  0.696168736614010        1.01216831645762       -1.36235000975661     
   1.08293102276255        1.24090967643655       0.204888088898864     
  0.946253427975558        1.52571729456342        1.47795313903802     
  0.488826223773338        1.13747111099991        1.73409764584308     
   1.59913087863419       0.225491054961015        1.11638693370755     
   1.43810935748336        1.21573871254583       0.758126865989237     
 -1.417811252215571E-002  0.126600784624489        1.19675110616832     
   1.46767768503994        1.20481904527784      -0.116809279003918     
  0.374881831596550       0.781622433932422        1.02291701016454     
   1.42272008579538        1.75965684636967        1.92065844206120     
   1.94587396966200        1.93490598011090        1.94587394167611     
   1.92065842531800        1.75965687503512        1.42272015450042     
   1.02291701361525       0.781622256980714       0.374881528155838     
 -0.116809102768739        1.20481905773082        1.46767774901866     
   1.19675125273739       0.126601113067686      -1.417815583069527E-002
  0.758126858279639        1.21573866918022        1.43810933758782     
   1.11638696329377       0.225491053505784        1.59913094308577     
   1.73409772215956        1.13747117217981       0.488826313323994     
   1.47795317059081        1.52571729420013       0.946253418021499     
  0.204888065223920        1.24090968305353        1.08293104700827     
  -1.36234973675444        1.01216837677398       0.696168723703327     
  0.541614972679273        1.33076798870469       0.886487250902843     
  0.607805644870355        1.34961011285625       0.861883869368273     
  0.118829123419282       0.515769751525894       6.952578493479324E-002
  0.753205851308731       0.271687837119942        1.54454698234385     
   1.25745754440101       0.973296428945530        1.71732938186460     
  0.914924754098815        1.19731472457048        1.22361641489932     
  0.508002471884460        1.29228712292150       -1.37142554077615     
   1.45160407547862        1.16779680470004       0.425460508792908     
   1.18159611352157       0.543647399353712       -1.53645030589605     
 -0.650729673381965       -1.84016222236680       0.703495843267148     
  0.733010970751512      -0.165804011878901     
   1.35403569564918       0.360985117190460       0.928506064157869     
  0.384821770241909       0.833621875226604       0.612999958891798     
  0.713596350836309       0.739394714139570       0.783425275559516     
   1.01530668692856        1.13803022218970        1.90247466312473     
   1.14478297768852        1.53091182834372        1.72338392017363     
  -1.26969684486748        1.14295355287408      -0.222883832598329     
   1.47322008822152       0.695354609436361        1.27958471415926     
   1.37195072740047      -6.420732827390556E-002   1.35500274493784     
  0.722593365316314       0.799681247644872        1.31987715620612     
   1.02594064228977      -0.555031156065460       0.513181684622452     
  0.607805713327696      -0.892411237876446       0.757750757905373     
 -0.667809763752204        1.25141100469113        1.59537352806119     
   1.01769370670610       0.375171332085649        1.21224064877966     
   1.19845605056137       0.741226217079391      -5.893809872477537E-002
   1.27493875258897        1.12830654272856       0.741999975785222     
   1.82837033014054        1.76932356809354       0.473520881965462     
   1.07800828818454        1.39289034887902        1.41163068768529     
   1.51140250021971        1.50675409268121        1.18170052889658     
  0.119732356991473       0.633611179058757        1.53961472159157     
   1.87825077569629        1.81094653524847        1.36078208115594     
  0.917253669219611        1.15803898314309        1.35323264172371     
   1.14947965334975       0.895881225750547        1.14947970313312     
   1.35323267268400        1.15803897571680       0.917253668422763     
   1.36078215190938        1.81094661209350        1.87825082350140     
   1.53961470924653       0.633611075263882       0.119732233055737     
   1.18170042327270        1.50675406624582        1.51140254523007     
   1.41163073075236        1.39289032350547        1.07800822874717     
  0.473520878185688        1.76932357031877        1.82837037988298     
  0.742000244380150        1.12830645230715        1.27493878141376     
 -5.893783112059389E-002  0.741226176689899        1.19845605531538     
   1.21224065777963       0.375171365062658        1.01769371859926     
   1.59537357778131        1.25141111861716      -0.667810201763253     
  0.757750899303295      -0.892409610313509       0.607805549618335     
  0.513181701374909      -0.555031313617343        1.02594067666677     
   1.31987720241821       0.799681268130043       0.722593458620013     
   1.35500281677627      -6.420705809684134E-002   1.37195071036390     
   1.27958470989136       0.695354630884382        1.47322008816802     
 -0.222884037863746        1.14295361389950       -1.26969724342159     
   1.72338392597618        1.53091181937589        1.14478304753561     
   1.90247469877677        1.13803028872551        1.01530660128010     
  0.783425112059005       0.739394879894520       0.713596437217804     
  0.612999923269256       0.833621834890706       0.384821825903473     
  0.928506038315018       0.360985217232129     
  0.894053071961559       -1.55149346588252       0.918765876564806     
  -1.45096770973393        1.31556032625926       0.939580951175670     
   1.22190451598899        1.62921856832873      -0.626690231750212     
   1.44816535519454       0.840300101279650        1.12334797835607     
   1.08681667650356       0.869424208102887        1.47070574339646     
  2.450563840335769E-002   1.10972925057711       0.896442460358012     
  -2.02921123424116       -1.19713315530035       0.205042948877201     
 -0.390574259710815        1.07615108635120       0.966175849074803     
 -0.800079399378698      -6.948864658984537E-002  0.311761841210082     
   1.04913170690816        1.26201849518289      -0.555031072523960     
   1.34961011034017        1.28871474515117       0.232300815311833     
   1.28327847141489      -0.130311070374714        1.18781684358515     
   1.28487952603839       0.535346738162863      -0.436372158280855     
   1.10108866628438        1.66808720476124        1.54434306615788     
  0.103909277768186        1.79458390151984        1.70878820378691     
  4.708931209537526E-003  0.908482668850334       0.732681057167859     
  0.469065862462415       0.934743522739068       0.979671451844796     
 -0.399720863458919       0.730105376939125        1.24633615758146     
   1.43979201765617        1.27575313048269       -1.60980634447781     
   1.28326277382834        1.33041375907868       0.568462524230054     
  0.802820177029536        1.75374667407950        2.06719519468791     
   1.91601661299132        1.71036803171073        1.91601662111145     
   2.06719520227891        1.75374668542182       0.802820271731371     
  0.568462802309455        1.33041390058639        1.28326284740302     
  -1.60980513501440        1.27575319650211        1.43979199708875     
   1.24633607081713       0.730105355269554      -0.399721501821224     
  0.979671334104056       0.934743532598311       0.469065944677909     
  0.732681007380226       0.908482601875137       4.708773793852048E-003
   1.70878813731476        1.79458385656775       0.103909256798697     
   1.54434304667526        1.66808719262051        1.10108863251670     
 -0.436372525280418       0.535346874312262        1.28487958937594     
   1.18781695038172      -0.130311669009217        1.28327839945929     
  0.232300870215222        1.28871468827106        1.34961009597963     
 -0.555031449012855        1.26201844477495        1.04913171444113     
  0.311762011988822      -6.948844786597781E-002 -0.800079044361888     
  0.966175990059071        1.07615119878275      -0.390574134161517     
  0.205043068533801       -1.19713261474077       -2.02921053546958     
  0.896442506794838        1.10972930413457       2.450555478762426E-002
   1.47070574995425       0.869424185829345        1.08681675364270     
   1.12334806521274       0.840300016751660        1.44816531383305     
 -0.626689646175281        1.62921859677414        1.22190450791471     
  0.939580970177991        1.31556029483492       -1.45096660115344     
  0.918765878655474       -1.55149265422174     
  -1.75607987534360       5.298336000247486E-002  0.737473568165725     
 -0.639718807656543       0.942070443364675       0.933864628339110     
  0.440567896324170        1.42044206285061       0.685132090595130     
   1.26875042447859        1.66915031594519       0.983918641047475     
  0.413531224352761       0.810687216054031       9.615169736267932E-003
 -0.652891446940168       0.246498416015777       0.645350116864042     
  0.702322185376192       0.231751546572266       0.264333479357458     
   1.14445362884322       0.621032862924837       0.869583065160060     
   1.16253645634176       0.345438009196712        1.56533162460151     
  0.935357990540160        1.04913175821640        1.02594070159173     
  0.861883850722344        1.38063296234403       -1.71445596684440     
   1.44046433282529        1.36811369294680       0.665100824423716     
  6.686945623191858E-002 -0.515516479377439        1.24043593163487     
   1.37849913513034      -0.634741787457513        1.54536587130189     
   1.22444260905340       0.860662114088954        1.63299261851947     
   1.48387517303164        1.10326662107309       0.582934670811400     
  0.317886558561420        1.51123854836137        1.70153199241309     
   1.49913873442073        1.30521025985388        1.11518706443208     
  -1.73280484459933        1.33035420926957        1.57386304799735     
   1.32774896162487        1.38426336777816        1.72775695869890     
   1.62819292211222       0.543091433666131       -2.05151785772204     
   1.08151569138047        1.59829406189278        1.08151570007573     
  -2.05151808836778       0.543091403942966        1.62819288634759     
   1.72775689636378        1.38426326622933        1.32774891762222     
   1.57386307952645        1.33035425849706       -1.73280393640434     
   1.11518715412135        1.30521026751545        1.49913867171926     
   1.70153194940479        1.51123855178807       0.317886588586072     
  0.582934826638086        1.10326676005043        1.48387521579062     
   1.63299259824500       0.860662027967444        1.22444264411727     
   1.54536588647202      -0.634741772762239        1.37849918449299     
   1.24043605233757      -0.515515523581601       6.686912531750583E-002
  0.665100712472044        1.36811364069010        1.44046428493957     
  -1.71445717354328        1.38063298437609       0.861883913856487     
   1.02594061229346        1.04913166920143       0.935358017391940     
   1.56533158244957       0.345437747381755        1.16253649058189     
  0.869582964397788       0.621033040569609        1.14445364536630     
  0.264333324519917       0.231751658003328       0.702322166215445     
  0.645350095699491       0.246498449261747      -0.652891523218979     
  9.614973444750149E-003  0.810687153300665       0.413531256080294     
  0.983918595054790        1.66915030896154        1.26875043658284     
  0.685132032888176        1.42044200503447       0.440567630480109     
  0.933864725785278       0.942070419878853      -0.639718442935631     
  0.737473539486820       5.298316071833368E-002
 -0.703908683693914       -2.51585476981350       -2.81557962862754     
  0.334645060070670       0.460948201298284       0.100606179282830     
   1.04381124416473       8.840229027888610E-002  0.803509763414698     
  0.500815273391984       0.826093341653777        1.20910644416146     
  -2.96776597233341        1.31028067739264        1.22841109529735     
  -1.94070149385887       0.989799744937444       0.734555740138387     
  -1.04776974162422       5.582933859348508E-002  5.609160783784906E-003
  0.772663480681814      -0.429564316911695        1.53051114159453     
   1.53944574046535       0.295156650892303        1.81669573335625     
   1.56533158912240       0.311762011763490        1.31987719542235     
  0.118829147007756       0.586670561032617      -0.174969699767214     
 -7.956223394258931E-002 -0.334998792622170       0.412698899434588     
   1.32824028694379        1.23814910256573       0.818142644437968     
   1.88762144102812        1.68909076551611       -1.08367191750140     
   1.39571028693143        1.34947977628427       0.919330036610367     
 -3.078358147583437E-002  0.516443963033482        1.14687842797189     
  0.788572997915286       -1.24230903871845      -0.422624854845928     
  0.391888995923281       0.288059833206498        1.59320019313888     
   1.60963409079949       0.156569771146101       0.886281210808407     
  0.814729653538101       0.728252980399818        1.32748245338572     
   1.57176288831564        1.41299913959844        1.49011539918291     
   1.95946235649248        2.16998262853209        1.95946236692743     
   1.49011542405979        1.41299916024684        1.57176288856141     
   1.32748242144989       0.728252885509154       0.814729615541633     
  0.886281248089499       0.156569682079321        1.60963410805178     
   1.59320022809822       0.288059853191883       0.391889114401373     
 -0.422624692104887       -1.24230951457667       0.788572983963412     
   1.14687851869078       0.516444277487841      -3.078400963064798E-002
  0.919330001112573        1.34947979335699        1.39571031637335     
  -1.08367130677620        1.68909075564527        1.88762146749968     
  0.818142841735825        1.23814899001388        1.32824025316053     
  0.412698967814526      -0.334998645105369      -7.956235512411157E-002
 -0.174969355169841       0.586670697498090       0.118829014830023     
   1.31987716959140       0.311761883192865        1.56533161114598     
   1.81669571529554       0.295156377213773        1.53944578234265     
   1.53051112072499      -0.429564684109095       0.772663457042990     
  5.608894028075254E-003  5.582941659562198E-002  -1.04777042163150     
  0.734555820432664       0.989799746053947       -1.94070100772558     
   1.22841102012547        1.31028059003397       -2.96777236525094     
   1.20910645620758       0.826093381183487       0.500815124354434     
  0.803509591549511       8.840282797169439E-002   1.04381142682261     
  0.100606455392403       0.460948244149049       0.334645124464315     
  -2.81557384088306       -2.51584856411562     
  0.113232565578372       0.374216141723346        1.16705273550819     
 -0.433520092411113        1.52760492952443       0.788412868103599     
   1.49803262425783        1.61230288268363       0.447368637011629     
   1.74301068607437        1.25010771504754       0.348387994758658     
  0.472099974304858       0.383841798533484       0.496746705855399     
  0.482414467503473        1.26512554682236        1.04423236269970     
 -0.341656078205679       4.325904867430119E-002 -2.699349487911944E-003
  -2.80043216710922       -2.17441319442153       0.241684772193472     
  0.755946008593270       1.586892376684946E-002  0.295156477943549     
  0.345437801491190      -6.948851776842631E-002  0.799681229852058     
  0.515769734642962      -0.352171517823247       -1.04594722235410     
  0.886960387138786        1.51556962917739        1.32631978881200     
  0.264037505220629        1.54394573299101        1.16618398973846     
  0.538373011548200        1.33010902796841       0.951524216185493     
  -1.68408242859664        1.01733437901272        1.55275140436765     
   1.60465701522037       0.958031363075141      -1.801635067358729E-002
  0.712763913590151       0.899214591157444        1.55152774595439     
   1.91140900222520        1.62185150941803      -0.778348120425804     
   1.27290909154782       0.953357056048381       0.550523979300419     
   1.31524626879084        1.72084201689951        1.58096645330108     
   1.09715185921007       0.897315382226609       0.970468140818526     
  0.681870713295890       0.289847052458273       0.681870657955298     
  0.970468068963222       0.897315279924778        1.09715177670270     
   1.58096642274243        1.72084201390064        1.31524628746392     
  0.550524027004983       0.953357084917081        1.27290912100475     
 -0.778347807089247        1.62185150322290        1.91140900372158     
   1.55152773506686       0.899214541376228       0.712763904231304     
 -1.801612184720732E-002  0.958031250421736        1.60465697829928     
   1.55275139286340        1.01733438389095       -1.68408210202707     
  0.951524195911189        1.33010903058282       0.538373113782277     
   1.16618390818816        1.54394569987424       0.264037594756835     
   1.32631970614528        1.51556956826021       0.886960366280863     
  -1.04594656130009      -0.352171754538488       0.515769786139395     
  0.799681310337164      -6.948849757098101E-002  0.345437922145599     
  0.295156550974209       1.586901434747790E-002  0.755946033280742     
  0.241684667620367       -2.17441192080087       -2.80042723121292     
 -2.699042047120979E-003  4.325905292901991E-002 -0.341655652478425     
   1.04423240583332        1.26512550364850       0.482414372980712     
  0.496746592437100       0.383841529212850       0.472100129246038     
  0.348388016353430        1.25010771390858        1.74301066667673     
  0.447368457772593        1.61230294356409        1.49803267847027     
  0.788412869893306        1.52760497644305      -0.433519860858852     
   1.16705280526168       0.374216391769867     
   1.36559798787241       -1.89742990628035        1.59369373644805     
  0.782596734294895        1.53496211740269        1.47091803184842     
  0.972318642735523        1.62414807971947       -1.51663905902288     
   1.56209895025433        1.25369337239047       9.373628399805670E-002
  0.906542662380351       0.366143735549611       2.633230329983776E-002
  4.216934954036434E-002  -1.31892892393917       0.239044900299441     
 -0.343824985724224       -1.08088702684117       0.416835432277404     
  0.437643840723484       0.604789348611591        1.48866657304914     
   1.11898019168996       0.755946049348963        1.53944578425498     
   1.16253650941288      -0.800079196086385       0.722593474452416     
  6.952585537399751E-002  0.142745152108714       0.598527180679107     
  -3.00873751690165        1.14923555749665        1.51133738716713     
   1.07465647587461       0.310228383452294        1.43614052882094     
   1.53539146169328        1.08498775081417      -0.264746025104662     
   1.30283083398795        1.34922228120612       0.180022704195034     
  0.649519207824105       0.655133775377830      -0.221974624189628     
  0.315552738021548       0.903414277441350       0.104646128392621     
  0.966012602483611        1.39460918681013        1.02593617881613     
  0.307443956553646       0.339559798381946      -0.242388687064502     
  0.835126128356589        1.52581966913934        1.51208710161998     
   1.19577327915231        1.23866825145481        1.65770078904415     
   1.94313294814716        2.02980238291592        1.94313293940423     
   1.65770075944293        1.23866816975678        1.19577317339540     
   1.51208704211253        1.52581965100182       0.835126184553240     
 -0.242389036699537       0.339559650764091       0.307443881863529     
   1.02593616553449        1.39460917411281       0.966012566339681     
  0.104646213228930       0.903414274742340       0.315552652603210     
 -0.221974803564561       0.655133755765440       0.649519238659012     
  0.180022635322093        1.34922227582890        1.30283084512766     
 -0.264745867731580        1.08498769916362        1.53539142359675     
   1.43614049149862       0.310228342466313        1.07465642763063     
   1.51133732238724        1.14923545410284       -3.00874341894023     
  0.598527165920005       0.142745160991706       6.952562330978691E-002
  0.722593329038377      -0.800079394057416        1.16253644567541     
   1.53944573265488       0.755945972507105        1.11898023605413     
   1.48866660954528       0.604789376833614       0.437643961983710     
  0.416835541771730       -1.08088762397526      -0.343825495768657     
  0.239044893128884       -1.31892693363130       4.216895171690751E-002
  2.633230506318921E-002  0.366143906087242       0.906542699257391     
  9.373613586319995E-002   1.25369342699876        1.56209897125148     
  -1.51663920930929        1.62414807818700       0.972318604180463     
   1.47091809437866        1.53496219739386       0.782596628091917     
   1.59369375906277       -1.89742741399429     
   1.81627197778659       0.884934238672837        1.44868293014685     
   1.36333294331197       0.623544246162185        1.34145571669193     
 -8.334795552498059E-002  0.655701131204083       0.101686960763692     
  -1.22010857195000       0.457273073778129       0.705796131877528     
 -0.328479044341603       -1.65245717699011       0.107758655022109     
  -1.10528553219875        1.26031614094583        1.40166043071630     
 -0.602986689443463       0.897742587677628       -1.83215131391695     
   1.00600315624009       -1.70595450237310        1.52554950735260     
   1.48866658015220       0.241684771658125        1.53051115579176     
  0.869583080712747       0.966175892925962        1.35500278970469     
  0.753205861063887      -0.789250306169532       0.748690834652930     
   1.22343332653691        1.27085288314059       0.255736589001119     
  0.985486220390884        1.34068378678509       0.312083809114513     
   1.13144184388930        1.51958452377881       0.867372933710762     
  0.902698583512073        1.59342092029900        1.49732188761583     
  0.985364957215557       0.483118957407831       0.120008544636481     
  0.156819951936873        1.45814867824473        1.81161809185200     
   1.67451101478164        1.01475904307295       -1.97062008012975     
  0.655772760500882        1.06785313418474        1.23043208721263     
   1.22708796394343        1.20801133504318        1.31315855334127     
   1.40890056948771        1.29354533629909       0.828596824475854     
 -0.283154493274140       -2.86011055179279      -0.283154493363402     
  0.828596854729871        1.29354538499758        1.40890062987227     
   1.31315860901625        1.20801134951871        1.22708792616936     
   1.23043203489520        1.06785311617365       0.655772830461121     
  -1.97061845197859        1.01475905504563        1.67451104532804     
   1.81161810435428        1.45814864401955       0.156819697368237     
  0.120008656077542       0.483118880403086       0.985364883014149     
   1.49732185889564        1.59342090949719       0.902698585461000     
  0.867372896406847        1.51958448981217        1.13144178467351     
  0.312083935040978        1.34068381627580       0.985486241716990     
  0.255736642632030        1.27085292394549        1.22343335387806     
  0.748690816701564      -0.789250462578257       0.753205833903984     
   1.35500277105836       0.966175931143349       0.869582959425505     
   1.53051110074095       0.241684631783909        1.48866660415246     
   1.52554952854227       -1.70595451722552        1.00600318858385     
  -1.83215075823124       0.897742726781461      -0.602987485322504     
   1.40166044093400        1.26031625261835       -1.10528406103195     
  0.107758622238388       -1.65245635870064      -0.328479153940271     
  0.705796001281247       0.457272909901257       -1.22010910989469     
  0.101686907604148       0.655701085110090      -8.334773326700098E-002
   1.34145578792801       0.623544433862583        1.36333289578020     
   1.44868293874348       0.884934183213894     
   1.34971570677674       0.782543052258602       0.375725061435871     
  0.957053409749113       0.444428659128331       -1.23253383356585     
  0.520470215794029       0.815158138694435      -0.367940598127652     
   1.09220448290460        1.42446765192803       0.120451308727203     
   1.17507349743922        1.05362109517737      -7.414928323575345E-002
  0.376354058352235       0.733937818141238        1.03639981073692     
  0.484732128405144        1.50617996198336       0.663011958310974     
   1.21901480495104        1.32673368600158       -1.70595458999385     
  0.604789358244528       -2.17441291189677      -0.429564305293870     
  0.621032844828226        1.07615108109535      -6.420732759914445E-002
  0.271687910316364       -1.48803749025354       0.602186348773950     
 -0.102574630515998        1.58023793188013        1.67455076346860     
  0.193076913086696        1.40942502226032        1.63176327816539     
   1.08227919795567      -0.820962856054082       0.794035996144381     
  0.804362011635280       0.199079620507188       -2.12324731610076     
 -0.349861019429109       1.271606779070865E-002  0.627949186502167     
  0.943652680996665       0.425314582570664       0.567327501244042     
   1.33617591830482        1.25107849161100       0.606714931850825     
 -0.133422626756394      -6.572984994546337E-002  -5.73558420875138     
  0.855618410573114        1.42075805272708        1.49380440536407     
   1.37124990625694        1.39027317504965        1.62855727782454     
   1.84879583430634        1.92851298307687        1.84879582665480     
   1.62855727072000        1.39027318064525        1.37124992145089     
   1.49380441443179        1.42075804816967       0.855618381333164     
  -5.73559013425608      -6.573015547040617E-002 -0.133423257249616     
  0.606714708263282        1.25107849136101        1.33617599404013     
  0.567327616580942       0.425314699185273       0.943652797409313     
  0.627949228925855       1.271585842912230E-002 -0.349861379843035     
  -2.12324873742659       0.199079705025008       0.804362076647462     
  0.794036051246404      -0.820962744696141        1.08227919918351     
   1.63176328414111        1.40942505364202       0.193076681631821     
   1.67455072316494        1.58023790406421      -0.102574812444885     
  0.602186480058883       -1.48803578930320       0.271687723141985     
 -6.420704140157540E-002   1.07615119079392       0.621033044351267     
 -0.429564702448768       -2.17441242778563       0.604789341178202     
  -1.70595422306665        1.32673371074560        1.21901482810920     
  0.663012026556337        1.50618003373410       0.484732320668982     
   1.03639982094474       0.733937934726700       0.376353970639711     
 -7.414917134389112E-002   1.05362107223754        1.17507353764662     
  0.120451092432577        1.42446763781573        1.09220452713895     
 -0.367940924219163       0.815158095079876       0.520470227891045     
  -1.23253339375174       0.444428597462085       0.957053411032285     
  0.375725149287707       0.782542993348518     
   1.23926103485985       0.312442383595396       0.916044535928086     
  0.819135236428461       0.597819481815677        1.25596978653714     
 -0.310338997804259        1.18682889647153        1.02554103240001     
  0.331774173159548       0.965625195985070       0.180991956507139     
   1.46775725087649        1.07629957536571       0.682749431451292     
   1.28746574562448       0.471800737187529      -0.808382859509494     
  0.319869181711911        1.13485907084884       0.610281823003811     
  0.623453532228806        1.21901478348092        1.00600315673751     
  0.437643904895972       -2.80042940118021       0.772663443048552     
   1.14445359289563      -0.390574517139388        1.37195074682288     
   1.54454700353706       -2.16297209462418        1.60406816088884     
   1.58393417329240      -0.437772810601859        1.12644381362928     
   1.03651810317484      -0.452803298249099       0.569823194134813     
   1.16857852215892        1.23084011083770       9.604447298231807E-002
   1.14183330610968        1.57416520663044        1.34592949259103     
  0.875906244433024       0.769776384206756       0.244246552722734     
  0.893140089660157        1.69702912833072        1.72123490991325     
   1.24129916303399       0.531585534537758       4.985566763721024E-002
 -0.195952848093420        1.20663190098153        1.46198278308933     
   1.13223230446549       0.634384059963846        1.03122351905781     
   1.48073532310108        1.46262058280727       0.844671807240104     
  -1.02544835553919       0.336676122557299       -1.02544860455662     
  0.844671844293846        1.46262060067820        1.48073534290212     
   1.03122355245707       0.634384100182931        1.13223231695321     
   1.46198277001472        1.20663181397480      -0.195953619561812     
  4.985613234564028E-002  0.531585499194807        1.24129903670280     
   1.72123485385405        1.69702913798961       0.893140183444542     
  0.244246542495118       0.769776479734187       0.875906302512716     
   1.34592949202209        1.57416521452628        1.14183336594294     
  9.604421178350971E-002   1.23084004205310        1.16857843721565     
  0.569823027751036      -0.452803129229155        1.03651803394882     
   1.12644370302079      -0.437772164866047        1.58393423049428     
   1.60406821650069       -2.16297568851192        1.54454696661947     
   1.37195069477300      -0.390573941038988        1.14445368774171     
  0.772663508262467       -2.80042870955827       0.437643955307864     
   1.00600319442315        1.21901483620095       0.623453641768212     
  0.610281801113273        1.13485911144614       0.319869274802143     
 -0.808382838609798       0.471800727004665        1.28746577509644     
  0.682749513465541        1.07629957545880        1.46775728925383     
  0.180992098046753       0.965625226011178       0.331774404211730     
   1.02554091795944        1.18682884100916      -0.310338952176605     
   1.25596977667901       0.597819500905478       0.819135158963623     
  0.916044432300938       0.312442539543359     
   1.94803008870049        1.17181736728349        1.46843370618334     
   1.65006321825859       -1.49775595217080        1.42085467847361     
  0.888801280038538       0.560480392878585       0.901934345513908     
 -0.132365081568448       -1.52515468314709       0.188236729090275     
  0.271643988363292      -0.785214899278234       0.719880822732586     
  0.850483715581669       0.355579547037233      -0.744511395192076     
  0.629764960681030       0.641453694930511       -1.59298673612902     
  0.610281918340830       0.663012075583343       -1.83215062708693     
  0.416835492892910      -2.699238037894707E-003  5.609102219169497E-003
  0.264333415659163       0.205043029896048        1.27958470448750     
   1.25745754528058      -0.554277314484914        1.09475224009468     
   1.41919357143563        1.32514766200301       0.958626923580342     
  -1.76572752563813        1.29129610429463        1.58148076456274     
  0.831537727518137       0.908962688150734        1.18789048520671     
  -1.03269301488932       0.621024447896844       -1.32644461277770     
  0.258312212538360       0.221049959008322        1.32676190463442     
  0.993854374313408       0.513507527445819        1.30379393138140     
   1.08955908032470       0.787987897344995       0.916115137439170     
  0.653429432911152      -0.315404797613731       0.882539805481853     
  0.829162332657679       0.836525485333248        1.33193218433001     
   1.65566292217467        1.67992888672940        1.61708315148282     
   1.68070715142472        1.74623101552109        1.68070716242577     
   1.61708316923077        1.67992890812806        1.65566294923661     
   1.33193221793732       0.836525522875329       0.829162382692129     
  0.882539879512020      -0.315404650826119       0.653429506883234     
  0.916115202555654       0.787987817068171        1.08955891607760     
   1.30379383224533       0.513507538363950       0.993854305206591     
   1.32676190307483       0.221050081705389       0.258312210265598     
  -1.32644552209093       0.621024374640558       -1.03269308651793     
   1.18789045528827       0.908962603873128       0.831537921878949     
   1.58148087532372        1.29129621368122       -1.76572731389020     
  0.958627023538526        1.32514773918999        1.41919362305572     
   1.09475227406635      -0.554277164137858        1.25745759725729     
   1.27958474013386       0.205043006350249       0.264333481915372     
  5.609089072978146E-003 -2.699153918603087E-003  0.416835523580741     
  -1.83215118743445       0.663011976126146       0.610281760428986     
  -1.59298519777856       0.641453739747070       0.629764964265718     
 -0.744511490498756       0.355579627430212       0.850483775474264     
  0.719880842904579      -0.785215272157276       0.271644167718918     
  0.188236854071597       -1.52515489316907      -0.132365314751383     
  0.901934259213230       0.560480322342867       0.888801261160728     
   1.42085464993715       -1.49775616176132        1.65006319018214     
   1.46843364668756        1.17181743042856     
   1.45069309493508       0.409183195401994        1.23284308407370     
   1.24679925566170       -2.47588186494442       0.643609552595676     
 -0.107922814631855       -1.01319241986424      -6.420699814287677E-002
  -2.83927202448706       0.295145404022311       -1.20973483328332     
   1.13535720338559        1.07956692908396      -0.155558828708888     
   1.02556174413278       0.220144627278095       -2.04208275837941     
  0.843990762714075        1.41565555732764       0.641453662643358     
   1.13485913891208        1.50618002256973       0.897742674885784     
  -1.08088749314291       4.325889647589961E-002  5.582914718583330E-002
  0.231751448068368       -1.19713337778425       0.695354684316255     
  0.973296457885791       -1.86986680763156        1.21992130953928     
   1.33822112943549      -0.923085641075853        1.31927319289989     
   1.29576852152214       9.824190313358629E-002   1.58920635379393     
   1.46495918138969       -1.12688112903941       0.946478185879537     
  0.746418945917752       0.643254652623285        1.36146567820492     
   1.63516581971193        1.01061112754673       0.878085452448898     
   1.49469916574209        1.34518928407848        1.19531815640318     
   1.29914921207888        1.07540448713172       -1.71775591952041     
  0.820173478782516       0.969860627700058       0.965946986254779     
   1.12880633954987        1.14096299950337       0.966324113998535     
   1.07917120601956        1.34132589878058        1.09630885108695     
 -0.705293722451120       0.892987639396069      -0.705293468376920     
   1.09630880727996        1.34132586339685        1.07917115778147     
  0.966324079012596        1.14096298398409        1.12880627794557     
  0.965946798672671       0.969860396495917       0.820173307269501     
  -1.71775498194220        1.07540453349756        1.29914928836655     
   1.19531821528414        1.34518926180171        1.49469912587978     
  0.878085438735232        1.01061111166213        1.63516584274671     
   1.36146575157739       0.643254803583094       0.746419034683858     
  0.946478241954705       -1.12688106265930        1.46495926678537     
   1.58920648301847       9.824248581978398E-002   1.29576848772097     
   1.31927323940203      -0.923086297085474        1.33822111789637     
   1.21992134744724       -1.86986997981551       0.973296296774099     
  0.695354495020865       -1.19713236067787       0.231751613165049     
  5.582942188963081E-002  4.325916681148476E-002  -1.08088698447737     
  0.897742650514301        1.50617999686931        1.13485907554631     
  0.641453754578752        1.41565556919662       0.843990737909378     
  -2.04208116988930       0.220144505245826        1.02556173268829     
 -0.155558671749281        1.07956687558619        1.13535717496956     
  -1.20973498471696       0.295145436098168       -2.83927239344209     
 -6.420688629200198E-002  -1.01319189596698      -0.107922746674440     
  0.643609518652959       -2.47588267115319        1.24679923099187     
   1.23284303571337       0.409183288475197     
  0.916139861832702       0.697575868982864       -1.43621780913612     
  0.974985445896645       0.737008310727705       0.647057371187427     
   1.17115120912905      -0.772674875837521        1.27999738917579     
  0.528544842963295       0.780526340073995      -0.412298457404885     
   1.28436132696971       0.990404052836640        1.20937129606626     
   1.63734683392915      -0.128188492210137        1.25963223117468     
  0.564581831084875       0.843990778106990       0.629764971648029     
  0.319869254334201       0.484732257467082      -0.602987197130124     
 -0.343825395693769      -0.341655551801805       -1.04777097658604     
  0.702322086504729       -2.02921178187921        1.47322009703803     
   1.71732938761627       0.399417151458192        1.59314677086928     
   1.90524230142270        1.42355997429664      -0.110023358812137     
   1.29800146322748        1.20385110188242       0.167350908532964     
 -0.150102261623200      -0.185876664010329       -1.40035573669976     
 -0.450283443212505      -9.406469534196538E-002 -0.404591957393280     
  0.916414537941427        1.01876256082429       0.395485965192801     
  -2.21985317269397       0.179785919253059       0.944027056001531     
   1.34599751015887        1.28591278815371       0.623184762151449     
  -3.16913380229436      -3.473576808920962E-002  0.596556455462649     
   1.02079449343009        1.08521533369584        1.08700187526433     
   1.49028414344582        1.88547917269718        1.90901061850267     
   1.49143812622235        1.03762510562088        1.49143809619150     
   1.90901059856721        1.88547916027479        1.49028413162642     
   1.08700186980563        1.08521533194077        1.02079442113339     
  0.596556106845879      -3.473675005720616E-002  -3.16915893879963     
  0.623184821613184        1.28591275873598        1.34599749466904     
  0.944027033161900       0.179785773023113       -2.21985501898184     
  0.395485932884906        1.01876253832558       0.916414594656361     
 -0.404591434599544      -9.406496818055533E-002 -0.450283685559643     
  -1.40035656014438      -0.185876721866791      -0.150101836881056     
  0.167350350910939        1.20385097664634        1.29800146012216     
 -0.110023063744285        1.42355994466210        1.90524230889050     
   1.59314679996348       0.399417009133047        1.71732935400371     
   1.47322005906740       -2.02920993453148       0.702322207205693     
  -1.04776955349055      -0.341656222310266      -0.343824934466058     
 -0.602986886266121       0.484732208119010       0.319869225062263     
  0.629764952453937       0.843990725909168       0.564581947628709     
   1.25963229349871      -0.128188713375735        1.63734683398695     
   1.20937132440505       0.990404058752144        1.28436138242498     
 -0.412298867688450       0.780526316002530       0.528544830715142     
   1.27999742501736      -0.772674006383897        1.17115111994326     
  0.647057274734021       0.737008366927563       0.974985487169433     
  -1.43621734674409       0.697575856699584     
   1.51737239813030       0.954154422903370        1.00511949863998     
   1.69390652925998        1.09145941928829        1.23426151901087     
   1.60355079972094       -1.12779670914489        1.38688882472911     
  0.476166875097637        1.23646460326865        1.04081841066952     
  0.528582013948257       0.525393145570683        1.03102611645593     
   1.21018516604786       0.668288624875621        1.65594908867339     
   1.25963223120606       -2.04208315040415      -0.744511221361523     
 -0.808382725167193        1.03639981365784        1.40166042825418     
  0.239044861512698        1.04423240041697       0.734555802657784     
  0.645350095849662       0.896442492984393      -0.222884013148079     
  0.914924755924603       0.270899226450140       -1.29963040378354     
  -1.19741063568026      -3.376691562209179E-002  0.776705654405530     
  0.237322957081717       0.908669217381869        1.46655767261184     
   1.07267242692743       -1.44557561016030       0.520904331890863     
  0.679911364947442        1.12109650350507        1.46754201020623     
   1.37879343167973       0.410628590780476       0.734126208374973     
   1.36899802841982        1.44207474827261        1.23348818323361     
  0.866409322690933       0.506973034817963      -0.267936152637610     
  0.206721600485961       0.995984556219242        1.02259581197709     
  0.757874410178541       0.941361826192956        1.33715279458811     
   1.32329137140883       0.619755491901836       -4.45463126743832     
 -0.908230530334795       6.063103491057767E-002 -0.908229972487561     
  -4.45461000920156       0.619755457865953        1.32329134396234     
   1.33715278101566       0.941361827429080       0.757874484453876     
   1.02259597255934       0.995984785373093       0.206721957466281     
 -0.267936050988649       0.506973237347451       0.866409436013122     
   1.23348823129755        1.44207477564423        1.36899802361554     
  0.734126098845583       0.410628742084497        1.37879342447916     
   1.46754197432387        1.12109649144218       0.679911425385210     
  0.520904390283114       -1.44557512854392        1.07267234257485     
   1.46655759027155       0.908669135589001       0.237322834678870     
  0.776705542402606      -3.376695798715705E-002  -1.19740995374380     
  -1.29962982048111       0.270899243982005       0.914924790424655     
 -0.222883898191787       0.896442477201073       0.645350119165462     
  0.734555726566941        1.04423232321670       0.239045045048261     
   1.40166045994103        1.03639982488620      -0.808382977043964     
 -0.744511669258875       -2.04208090434305        1.25963228774204     
   1.65594913262500       0.668288749032954        1.21018513667561     
   1.03102610249340       0.525393267473424       0.528582269101520     
   1.04081827084685        1.23646454638476       0.476166945646891     
   1.38688887346329       -1.12779800033805        1.60355075410072     
   1.23426147355957        1.09145947158016        1.69390655370675     
   1.00511951702108       0.954154434074737     
 -5.143753389839752E-003 -0.660870314477671       0.191325300080083     
  0.895246452709431       0.271408198968031       0.758327319513867     
   1.04997992936079      -0.888669010886375        1.00444319151474     
 -0.727407218435635        1.16759111048513        1.03126610737282     
 -0.470360843621855       0.468843176939670       -3.88291186106480     
  -1.15792878092149       0.806886106933937       0.668288618602173     
 -0.128188492798357       0.220144618270229       0.355579545706187     
  0.471800714057586       0.733937867036691        1.26031619243260     
  -1.31892755087944        1.26512547632506       0.989799668672428     
  0.246498535817583        1.10972927700554        1.14295356901627     
   1.19731469687504       0.580504748116386        1.31029050149038     
   1.97848739260962        1.59299722637417       0.945474594457516     
   1.69961975416772       0.812868518523187       0.843501753382695     
  0.531036422578258       0.289780459005639       1.216024499351264E-002
  0.455672421686865       0.268764830547291       0.745508218023584     
   1.36149017740733        1.06372195994005      -0.914810525192725     
  0.424943435581870       0.753692875033352       0.969913914866965     
   1.19526922572570        1.25632491230524       0.915818052982391     
  -2.51445378649673       0.842362688401739       0.951903143105986     
  0.563731382626959       0.699522972529081        1.39007765255916     
   1.77605020287492        1.82209411927080        1.65037553302825     
   1.44566251925834        1.36535895898677        1.44566256130969     
   1.65037554216603        1.82209408631147        1.77605015957979     
   1.39007762319131       0.699522971285409       0.563731410541120     
  0.951903204309576       0.842362802732043       -2.51445059010690     
  0.915818089792286        1.25632496545077        1.19526926136734     
  0.969913943213909       0.753692910603733       0.424943387230732     
 -0.914809520683948        1.06372206714175        1.36149018767611     
  0.745508141887657       0.268764855966113       0.455672288255887     
  1.216050187667952E-002  0.289780575493283       0.531036326231927     
  0.843501669950289       0.812868545732893        1.69961973234970     
  0.945474552646853        1.59299720147577        1.97848735845192     
   1.31029045068180       0.580504774392504        1.19731470158658     
   1.14295358586063        1.10972927746352       0.246498409040328     
  0.989799760069583        1.26512553137166       -1.31892788917256     
   1.26031620114752       0.733937863415013       0.471800791840218     
  0.355579659698146       0.220144535586270      -0.128188616875653     
  0.668288731100341       0.806886238731134       -1.15792791574559     
  -3.88290547511941       0.468843233090359      -0.470360415785194     
   1.03126601136175        1.16759103963558      -0.727406634166654     
   1.00444325980969      -0.888669010656412        1.04998002084650     
  0.758327479585455       0.271408078184541       0.895246466862483     
  0.191325319771346      -0.660870215230634     
   1.43456177091592       0.620187181702917        1.05608422325368     
   1.32366998389177       0.237679240520944       0.500351023892109     
  0.659821312740105       7.612011610139320E-002  -1.63858231375960     
 -0.642017211306478      -0.684421507724242      -0.769573374375810     
  8.121658989463107E-002 -1.390610836511575E-002  0.132755228784842     
  0.490210093841420       -1.15792878838672        1.21018517713678     
   1.63734684351566        1.02556174961081       0.850483736311453     
   1.28746576395264       0.376354063602379       -1.10528499238227     
  4.216903893070634E-002  0.482414228028143       -1.94070476762472     
 -0.652891156586629       2.450574076614945E-002  -1.26969585291684     
   1.22361636764457        1.46355786831837      -0.322159216110100     
   1.74429175640535        1.52275046611130       0.658534443376554     
   1.56484059178656       0.934760039464354       -1.53556692846801     
  0.328051862340216        1.04412589748201      -0.958262958810832     
   1.36764309581493        1.61744898750468        1.23814020365963     
  0.499509845842236      -0.458314951571137       0.125120371271228     
   1.15024697594263        1.42787000262105        1.27303387940221     
  0.755213095976721      -0.329211789168510      -0.720787333680455     
 -4.000895263566579E-002  7.042948015156246E-002  0.463397912567032     
   1.04576531724437        1.36674951492740        1.30225466740574     
  0.753785079650309      -0.708498487660763       -2.01036315111757     
 -9.356765975887892E-002  0.295503881428469      -9.356798773164453E-002
  -2.01036428606013      -0.708497792124992       0.753785261659954     
   1.30225472264936        1.36674954355327        1.04576538072365     
  0.463398042895464       7.042955947201748E-002 -4.000897537766351E-002
 -0.720787460422165      -0.329211584307029       0.755213188772965     
   1.27303390318969        1.42786998030402        1.15024695286850     
  0.125120540807018      -0.458315450418913       0.499509847622088     
   1.23814027986772        1.61744902544342        1.36764308389111     
 -0.958262417667197        1.04412592097045       0.328051870520117     
  -1.53556721920219       0.934760051639581        1.56484058596503     
  0.658534450173199        1.52275043191755        1.74429171586488     
 -0.322159576525531        1.46355791050153        1.22361645666775     
  -1.26969785793344       2.450548813693246E-002 -0.652891590321660     
  -1.94069940878113       0.482414553563669       4.216929403553671E-002
  -1.10528501387038       0.376354056959609        1.28746578676612     
  0.850483774464273        1.02556175326259        1.63734684647880     
   1.21018513817683       -1.15792769165322       0.490210185514080     
  0.132755130126977      -1.390637907022344E-002  8.121640343193405E-002
 -0.769573431944016      -0.684421947234006      -0.642017972943286     
  -1.63858078670296       7.611983586083865E-002  0.659820889650755     
  0.500350437777343       0.237679744926158        1.32367003288407     
   1.05608424325843       0.620187151148482     
   1.58792439565376       0.680596899095101        1.37359146922894     
   1.60233205336109      -0.135957655045555        1.33411529820289     
   1.23859243539054      -0.539402257527716       0.998854192694936     
 -0.114485350604007       0.921236108140167        1.05206688114525     
 -0.877301270247673       0.551105624970092      -0.242871811539087     
  0.132755253734954       -3.88290460394755        1.03102611081442     
   1.20937132008721      -0.155558694694426       0.719880820889074     
  0.682749486760728      -7.414909880426168E-002  0.107758757692667     
  2.633228856205578E-002  0.496746792499376        1.22841113866522     
  9.615194766381048E-003   1.47070578068256        1.72338396355738     
  0.508002504478478        1.30441922864194        1.45015254352302     
  0.805268345375049       5.384018686800818E-002 -9.792451015185226E-002
 -0.190891512690333       0.932489181023891       0.566923488360291     
  0.351627049106091       0.890787911690140      -0.404076585813831     
  0.381788241312098       0.454507710379269       0.536784008666326     
   1.06833930001480        1.17758449045599       8.741857098330483E-002
  0.852701691826495        1.23216637018394        1.11904849941719     
   1.09658578149776        1.15341090624585       0.738891126048251     
 -0.486377931338856       0.749183877545980       0.644358703765428     
  0.565609041004969        1.13666662437582        1.60116907971388     
   1.74503134730466        1.65920533379813        1.52048615593989     
   1.48187589950269        1.49445841011836        1.48187583324973     
   1.52048611375266        1.65920535857006        1.74503139690825     
   1.60116913136133        1.13666672171762       0.565609310681466     
  0.644358951346702       0.749183998257094      -0.486377877138543     
  0.738891184311246        1.15341098517483        1.09658589037229     
   1.11904855215371        1.23216632661158       0.852701575798338     
  8.741863904071091E-002   1.17758446127881        1.06833932049645     
  0.536784201910306       0.454507897811435       0.381788241368088     
 -0.404076305785709       0.890787938500788       0.351627016599155     
  0.566923496638261       0.932489162348609      -0.190891549489838     
 -9.792455027068117E-002  5.384012535858727E-002  0.805268308632219     
   1.45015252288004        1.30441923162168       0.508002339742859     
   1.72338389762980        1.47070572839927       9.614989989228332E-003
   1.22841099916971       0.496746506799817       2.633242066868378E-002
  0.107758634803337      -7.414922296907106E-002  0.682749505860306     
  0.719880851113161      -0.155558657949807        1.20937133350222     
   1.03102609345992       -3.88289475213346       0.132755227126448     
 -0.242871467832961       0.551105822861351      -0.877302141295422     
   1.05206684225191       0.921236164799100      -0.114485838750521     
  0.998854083288066      -0.539401837913132        1.23859221649691     
   1.33411505287868      -0.135956708670387        1.60233210942159     
   1.37359149730087       0.680596862511158     
  0.272626114758548      -0.907790262827948       0.215278029046920     
 -1.720964414780212E-002  0.369584464590616        1.00667365708785     
  9.505862737558662E-002  0.952179170427372        1.23610135270447     
 -0.465684337403865        1.03030666807592       0.773855897461311     
  0.529794188824196        1.19941742875100       0.551105705795492     
 -1.390610682016370E-002  0.468843301161140       0.525393254337160     
  0.990404054847287        1.07956689359826      -0.785215107713730     
   1.07629956423709        1.05362104959480       -1.65245568158740     
  0.366143868362055       0.383841751665986        1.31028069212185     
  0.810687248876652       0.869424209466798        1.53091183606467     
   1.29228708626949      -0.657251629825481        1.08231653153060     
   1.50778559839726        1.28254956651543      -0.539918056377621     
   1.45463816313009        1.49090024836797       0.566290190011868     
 -0.621673834928246      -0.820276470238508      -0.313605847862749     
  0.861591144145193        1.62938184474056        1.51282981507017     
  3.288528623641467E-002  0.649862813188282       0.516024971851656     
  0.355163651659550        1.08749239515801        1.39786815877790     
  0.936394286152258      -0.310130970448633       0.442676055989384     
  -1.34820735462659      -4.052101621542858E-002  0.403996618289944     
   1.37007951709604        1.44849389170319       0.956372098991010     
 -0.261870211421121       -1.46939559609984      -0.390884090715765     
 -5.734070441444830E-002 -3.571245543002415E-002 -5.734037689970346E-002
 -0.390883698246524       -1.46939579806448      -0.261870512235711     
  0.956372001408087        1.44849381056390        1.37007940224464     
  0.403996342766781      -4.052086810021466E-002  -1.34820750462964     
  0.442676072797596      -0.310130852445415       0.936394207858471     
   1.39786812019455        1.08749242743282       0.355163882833125     
  0.516025109814258       0.649862831829449       3.288524678779190E-002
   1.51282978806712        1.62938183692771       0.861591237930610     
 -0.313606426590784      -0.820277112711305      -0.621673752509985     
  0.566290182085095        1.49090023202023        1.45463815178557     
 -0.539917858209176        1.28254949724648        1.50778551695334     
   1.08231637630271      -0.657250669372387        1.29228712967818     
   1.53091183131352       0.869424220892067       0.810687124078717     
   1.31028058341830       0.383841549184455       0.366143829573320     
  -1.65245754480127        1.05362111041773        1.07629957213596     
 -0.785215023444904        1.07956688997499       0.990404042845128     
  0.525393238608966       0.468843259059569      -1.390625495648172E-002
  0.551105769993959        1.19941742655140       0.529794140414108     
  0.773855923744350        1.03030669465206      -0.465684735882662     
   1.23610128543822       0.952179172336002       9.505821823776106E-002
   1.00667344932861       0.369584142479191      -1.720941833149195E-002
  0.215278103945157      -0.907790445459338     
   1.29811734655757       0.413260807892113        1.02809014877133     
   1.28746045744194       0.332389434562517       0.372125561444721     
  0.760309509063708       0.583009742193510      -0.110988440925872     
 -0.338632722238956       0.179828178279431      -0.706776852323912     
  0.762748101121081       0.529794342644936      -0.877302291714092     
  8.121649531560381E-002 -0.470360439728263       0.528582181168473     
   1.28436135810557        1.13535719725772       0.271644028203575     
   1.46775725639793        1.17507349669924      -0.328478954533540     
  0.906542697182799       0.472099988271297       -2.96776191429048     
  0.413531371657426        1.08681674619503        1.14478304230223     
  -1.37142462267397        1.24566202404991        1.24047700807171     
  -1.65437525472994       0.472656843859334      -3.926006429452294E-002
  0.961577169870410       -1.03821661682339        1.02592986065142     
  0.473969741122084       0.973313548973929        1.18389993461944     
 -9.648329835604017E-003   1.49014731007772        1.39135003129863     
  0.488494053769269      -0.393637541961112       0.138868953469022     
 -0.801222749329192        1.27719698748005        1.64555482477748     
   1.36697661075164       0.230912436482744       -1.20560909066319     
 -0.907974987241157      -0.752373642579567       0.382112076544091     
   1.26226958300178        1.53548316439348        1.56639422458413     
   1.54644017479605        1.55651464624351        1.55291188066324     
   1.50620460112961        1.47372095679286        1.50620461797911     
   1.55291188772482        1.55651463404261        1.54644015487908     
   1.56639419976450        1.53548312305570        1.26226952694422     
  0.382112076944116      -0.752374268275374      -0.907975555235196     
  -1.20560957323869       0.230912626929490        1.36697661222066     
   1.64555478826078        1.27719695456418      -0.801222354087594     
  0.138868717480241      -0.393637774343438       0.488494059491019     
   1.39135005367361        1.49014735877262      -9.647847171826872E-003
   1.18389980221111       0.973313447795892       0.473969783739782     
   1.02592987015890       -1.03821703033411       0.961577119796688     
 -3.926010879787396E-002  0.472656771447290       -1.65437324142033     
   1.24047712054903        1.24566215609157       -1.37142691081712     
   1.14478296029403        1.08681667260668       0.413531143731239     
  -2.96777503712933       0.472100140901823       0.906542682127855     
 -0.328479293613646        1.17507355130292        1.46775727704743     
  0.271644074591929        1.13535718443473        1.28436135293560     
  0.528582160059134      -0.470360625150952       8.121642210226579E-002
 -0.877301823770413       0.529794082528559       0.762747891211116     
 -0.706777242614801       0.179828019840477      -0.338633130066234     
 -0.110988289395955       0.583009768056546       0.760309555644801     
  0.372125659572655       0.332389386417823        1.28746046142302     
   1.02809015298629       0.413260818910680     
   1.55429572930264       0.549925187331652        1.29613634688074     
   1.22585268870735       0.526692532232456        1.38220021717392     
  0.507771159409519       0.838116499668367        1.07989361529127     
  0.170581994628019       0.177716219844294       0.606692432810340     
 -0.706776654599644       0.773855778957893        1.05206677557024     
 -0.769573744362726        1.03126607151166        1.04081834996408     
 -0.412298649809973       -1.20973458806339       0.188236675322166     
  0.180991931855061       0.120451252257489       0.705796081921416     
  9.373620898803768E-002  0.348387943715322        1.20910640893043     
  0.983918573146439        1.12334804191731        1.90247469019799     
   1.45160408102441        1.03586050419031        1.68341552423875     
   1.12784847496337       -1.41321760822899       -3.25684708642022     
 -6.595255911745733E-002   1.32746208379248        1.60359913264199     
  0.785779827274997       0.920680398280525        1.22093641290013     
  0.682088511878747       0.604988603435404        1.13842838027271     
   1.02371981761699      -0.810418598432141        1.09824650173145     
   1.10660336629304       0.659687167654984       0.405274031890889     
  0.453026367298520       0.131930574833245       -1.07346401882241     
  -1.75495416637460      -0.463444695539098       0.579865329027550     
   1.11703630317462        1.20644644931255       0.855415011799595     
 -0.136874386498987       -2.50471966159620       -1.47141328341493     
 -0.142602633889596       0.133939694677794      -0.142602501712897     
  -1.47141216425862       -2.50472340646729      -0.136874251872551     
  0.855415024744825        1.20644645370959        1.11703628332945     
  0.579865168077354      -0.463445507387034       -1.75495612998235     
  -1.07346472927125       0.131930221327329       0.453026309116602     
  0.405274262398116       0.659687378798083        1.10660339684437     
   1.09824643678073      -0.810419211861736        1.02371982131013     
   1.13842832426387       0.604988448675618       0.682088371204199     
   1.22093636282474       0.920680386956255       0.785779795339700     
   1.60359912733361        1.32746210663378      -6.595233334928184E-002
  -3.25683640994207       -1.41321897913977        1.12784841356142     
   1.68341551740661        1.03586056092393        1.45160402739331     
   1.90247466843796        1.12334801630550       0.983918619062581     
   1.20910647234398       0.348388098668648       9.373625074706558E-002
  0.705796021601911       0.120451075099469       0.180992094999405     
  0.188236826564037       -1.20973515031530      -0.412298571098275     
   1.04081834774779        1.03126607019354      -0.769573582680828     
   1.05206686020078       0.773855978188640      -0.706777500861967     
  0.606692472886741       0.177716668894331       0.170581419780269     
   1.07989346331439       0.838116395551264       0.507771211030052     
   1.38220020987701       0.526692458154349        1.22585272651906     
   1.29613636583810       0.549925180363552     
  0.816010238628623       -1.35370304114299       0.799598780892316     
  -1.61906983702907        1.24648592531357        1.11056692103862     
  0.509160055433500        1.42212764350848       0.975727990574809     
 -0.138709984766956       0.770536839472671       0.177716189025939     
  0.179828263860093        1.03030668860943       0.921236101938167     
 -0.684421461839759        1.16759110143380        1.23646459337933     
  0.780526333122181       0.295145356863529       -1.52515561709648     
  0.965625247233567        1.42446765576917       0.457273016449950     
   1.25369339138318        1.25010771381682       0.826093357100053     
   1.66915031639821       0.840300079339638        1.13803025284347     
   1.16779678579255      -0.821905244563006       0.455192978312149     
 -0.337766229161788       0.466991350480636      -0.882342953193152     
  -1.31545126194996       0.471593923121002       0.317094247447008     
 -0.307265737255772      -0.177928076944837       0.233457066853730     
 -0.162561323040754        1.12943059411441        1.65909753602664     
   1.28143383683447       -3.89121537528814       0.375883310525306     
  0.306880444145838        1.04952468451842        1.56808968681715     
   1.46098286855267       0.342174146929333      -0.147552425898630     
  -1.17993398849601       0.148163563636927       0.196573400668488     
   1.44391117305267        1.71147738814552        1.60767687675801     
   1.42395640007852        1.41341803515874        1.50234196642654     
   1.54117494674116        1.54110002891222        1.54117497177615     
   1.50234201321610        1.41341809005137        1.42395643388929     
   1.60767688374421        1.71147738634213        1.44391116543137     
  0.196573302112745       0.148163720559772       -1.17993380782333     
 -0.147552119919527       0.342173888239326        1.46098285421039     
   1.56808975692206        1.04952486715388       0.306880649941686     
  0.375883205598488       -3.89124095548076        1.28143385014007     
   1.65909750874640        1.12943054925501      -0.162561394292376     
  0.233456867666068      -0.177927707125440      -0.307265453439212     
  0.317094208758892       0.471593944979020       -1.31545090208860     
 -0.882342507891991       0.466991545280859      -0.337765532487150     
  0.455192744064026      -0.821905585210694        1.16779677158883     
   1.13803025607902       0.840300008293070        1.66915028570876     
  0.826093333634325        1.25010770407565        1.25369339943791     
  0.457272913501665        1.42446761118137       0.965625176632258     
  -1.52515436212001       0.295145516954563       0.780526398137264     
   1.23646459877123        1.16759107519121      -0.684421799297114     
  0.921236148525413        1.03030669605869       0.179828099972836     
  0.177716573871500       0.770537099983705      -0.138709276878920     
  0.975727840820659        1.42212758288555       0.509159962297429     
   1.11056692074037        1.24648589188005       -1.61906881837807     
  0.799598808257471       -1.35370301998460     
  0.355637732907261       0.316777425157628       -1.31736584708608     
  0.682589998392325       0.810816475694024      -0.199581111908788     
   1.14904862223209       0.600627001999716       0.696026045673777     
   1.06144640371280      -0.138709870729086       0.170582020953538     
 -0.338632292280026      -0.465685041867568      -0.114485712838979     
 -0.642017566572652      -0.727406999632882       0.476166908568040     
  0.528544857127180       -2.83927052666231      -0.132365263264351     
  0.331774309513007        1.09220451430227       -1.22010857903600     
   1.56209894719407        1.74301066583958       0.500815145535570     
   1.26875045986049        1.44816535358560        1.01530664591793     
  0.425460539907202       -1.02055648859161        1.12362324212904     
   1.43160448343394       0.791851847946541       0.249387025796865     
  0.817352058392320       0.897753944712939        1.29759395809266     
   1.30087692119977      -0.617980460091627        1.58600864503662     
   1.52782235075748      -0.203363875416368       4.969780287809721E-003
  0.555609236176359       0.835330536847251       0.587305808125923     
   1.49992560174688       0.975123560791826       0.281459926934771     
  2.245250503044310E-002  0.882468688877778        1.08259257736409     
  -1.47155774258700        1.04479551213436       0.952066910644130     
  0.382138471909431       0.445801837229211       0.753559852265326     
  0.475636174898747       -1.32860834176775       -1.07727345029797     
 -0.609911432979450       6.390655863285000E-002 -0.609911476288546     
  -1.07727301760194       -1.32860942969829       0.475636049145829     
  0.753559812858921       0.445801810282006       0.382138370822886     
  0.952066813637512        1.04479542530080       -1.47155893012591     
   1.08259264484822       0.882468788879495       2.245240598026133E-002
  0.281460142503910       0.975123380940136        1.49992553868461     
  0.587305853812032       0.835330428980850       0.555609202455690     
  4.969573954630580E-003 -0.203363679204732        1.52782232431381     
   1.58600858769590      -0.617980991107943        1.30087692501794     
   1.29759393226029       0.897753931533877       0.817352108798250     
  0.249387152997996       0.791851853811882        1.43160453615559     
   1.12362333478838       -1.02055605144648       0.425460590467046     
   1.01530665871209        1.44816531614122        1.26875038177463     
  0.500815287279754        1.74301068415735        1.56209897473013     
  -1.22010958357990        1.09220445828092       0.331774265469847     
 -0.132365197748871       -2.83927597794980       0.528544692839964     
  0.476166812139196      -0.727406811918769      -0.642017908455993     
 -0.114485656246764      -0.465684341116183      -0.338633248493184     
  0.170581521936961      -0.138709443572005        1.06144644477201     
  0.696026086536499       0.600626918973506        1.14904857456173     
 -0.199581173935930       0.810816436585954       0.682589948770499     
  -1.31736583932180       0.316777385138757     
  0.620379928588164       2.098887907213750E-002  6.118704810013991E-003
  0.367798379473468      -9.604354040252031E-002   1.11621218815658     
  0.675068334627180       0.960614981429454        1.51973811872118     
  0.696026101283531       0.975727924122175        1.07989360121490     
 -0.110988725388512        1.23610125772531       0.998854101892420     
  -1.63858137835637        1.00444323423090        1.38688886065716     
   1.27999741812554      -6.420694990222785E-002  0.901934322922794     
   1.02554099096854      -0.367940767973259       0.101686972355051     
  -1.51663897716420       0.447368542599976       0.803509660056139     
  0.685132018009295      -0.626690090121940       0.783425186015376     
   1.18159613212891       0.151371506725415       0.935138411794102     
  0.938321665736521       4.848291983737946E-002  0.989057588309498     
  5.798971590450103E-002  -1.44548749532013       0.698299181178072     
   1.12117360792037       -2.34731162028979        1.21569824281696     
   1.01198438871790      -0.593394918139699       0.704908120366276     
   1.59811198994159        1.37272371223951       0.744096677632615     
   1.69000347293589        1.38434316421786       0.418321485994329     
  0.730558208636324        1.25669455409723       0.906146049081157     
 -0.581463322939543       0.568516463750042       0.579869817446003     
   1.13232192930841        1.64821997274139        1.76291717142501     
   1.53455927351185        1.23923196679960        1.31332634619779     
   1.56527771067584        1.67061191732197        1.56527773093215     
   1.31332635527247        1.23923193014733        1.53455923996740     
   1.76291716563865        1.64821997894087        1.13232189177040     
  0.579869612749859       0.568516249022810      -0.581463692234013     
  0.906146071008325        1.25669459424936       0.730558303701100     
  0.418321456504081        1.38434308500077        1.69000342177196     
  0.744096691471837        1.37272365429964        1.59811197577809     
  0.704908231455169      -0.593394326758604        1.01198441050988     
   1.21569822775297       -2.34731303986497        1.12117351579529     
  0.698299014333992       -1.44548665544227       5.798983826147852E-002
  0.989057677131907       4.848308172792374E-002  0.938321696454081     
  0.935138496088447       0.151371393642005        1.18159615702133     
  0.783425246698632      -0.626690034069170       0.685132099405256     
  0.803509712783065       0.447368565642769       -1.51663949708771     
  0.101686806306797      -0.367940632061559        1.02554094366036     
  0.901934245395290      -6.420697559769040E-002   1.27999735263449     
   1.38688881253742        1.00444324681836       -1.63858035305490     
  0.998854131957606        1.23610137499958      -0.110987997404377     
   1.07989347728839       0.975727901257031       0.696026044262665     
   1.51973810937414       0.960615024074291       0.675068249601678     
   1.11621217161345      -9.604345383153343E-002  0.367798341342833     
  6.118772754378585E-003  2.098877180825139E-002
  -1.86632295336507      -0.425612729633384       0.121291033085908     
  -1.66378320841124       0.606486719767100       0.780881326448382     
 -0.560479196849467        1.19337543345198       0.960614987185654     
  0.600626960672762        1.42212761568376       0.838116474560049     
  0.583009697476334       0.952179139174474      -0.539402119893648     
  7.611996834289794E-002 -0.888669067537667       -1.12779725481253     
 -0.772674606440528       -1.01319254951120       0.560480418932777     
   1.18682887552259       0.815158091261508       0.655701132514018     
   1.62414807055262        1.61230289430968       8.840250452485553E-002
   1.42044202345488        1.62921856760672       0.739394771374363     
  0.543647499051188       0.487481677214199       -2.02936285717500     
  0.405618903799946        1.28110098579154       0.841621026628833     
   1.03251538345039        1.62079011129483        1.15507944390964     
  -2.72842251055781      -1.814130355138190E-002  0.332821919539293     
   1.19098850088161        1.39767276391655       0.346953815044884     
  0.864417592837819       0.742710371064436      -0.576361954752835     
 -0.890879900354684       0.729879185428063       0.798764433546467     
  -2.45136860441767       -1.06422661587885       0.607557183507058     
  0.603763835739934       0.537738321084121        1.30768842382243     
  0.828359753323131       -1.05044074625838       -2.76850714131667     
  0.512916060678606       0.518454397997150      -0.840077929542829     
  -1.05821785608916       -1.19328275804721       -1.05821718183568     
 -0.840078300325918       0.518454436953488       0.512916124783522     
  -2.76850525015642       -1.05044002997038       0.828359732390792     
   1.30768846894134       0.537738426559282       0.603763860256510     
  0.607557243748153       -1.06422611731541       -2.45137480100615     
  0.798764373686297       0.729879310739161      -0.890880975122495     
 -0.576361996737549       0.742710242878383       0.864417525173877     
  0.346953706194378        1.39767270500236        1.19098845579684     
  0.332821832474123      -1.814159059807664E-002  -2.72843259800250     
   1.15507955054621        1.62079014856937        1.03251541301099     
  0.841621014915171        1.28110097206005       0.405618781677181     
  -2.02936637124215       0.487481490221582       0.543647417220206     
  0.739394778391708        1.62921857238705        1.42044203260264     
  8.840257554417019E-002   1.61230292502006        1.62414808415071     
  0.655701070806411       0.815158139119319        1.18682883360194     
  0.560480223420257       -1.01319176763303      -0.772674652138996     
  -1.12779701428259      -0.888668821000010       7.612008156281222E-002
 -0.539401934779563       0.952179257201783       0.583009889486101     
  0.838116400534009        1.42212760856384       0.600626940752213     
  0.960615034267332        1.19337548416566      -0.560478936144461     
  0.780881325318661       0.606486753679302       -1.66378319858299     
  0.121291142710123      -0.425612503460619     
  0.121136825814300      -9.919867510372989E-002  -1.22884190009080     
 -0.861349311480394       -1.05061710859572      -0.339250163966273     
  0.356612219267609      -0.560479092904192       0.675068338199846     
   1.14904863903331       0.509160081469822       0.507771146599535     
  0.760309514573889       9.505847765738711E-002   1.23859234103333     
  0.659821104581684        1.04997999817266        1.60355080065069     
   1.17115121584143      -0.107922995138698       0.888801242297852     
 -0.310338823203987       0.520470098383633      -8.334802422214582E-002
  0.972318620123526        1.49803263210630        1.04381132422979     
  0.440567696767165        1.22190446413619       0.713596314466599     
  -1.53644899612875       -1.10915131048749       -1.62323789816883     
  0.224673891145735       0.843333415664366      -0.476233756902448     
   1.07157046797258        1.36893457089178       0.886868073313664     
 -0.497479611793320      -0.919893107919532       0.520480823679780     
   1.22156204923548        1.31413192589673       0.920072030871494     
  0.651401291375339       0.830617046623702      -0.514954418792188     
   1.33457998097315        1.73063934104628        1.22771873342476     
  -1.34126965536927       0.372985565183521        1.36807119275450     
  0.955721294487358       0.963803073244145        1.55986560235494     
   1.27591297538609        1.12823904746592        1.60205688480182     
   1.77303677770873        1.45413572103715        1.10494095189486     
   1.47298301806688        1.71548278135331        1.47298297489369     
   1.10494089084602        1.45413571370746        1.77303677890400     
   1.60205686323083        1.12823898699415        1.27591295965014     
   1.55986562390431       0.963803102035416       0.955721330134364     
   1.36807120863627       0.372985396397382       -1.34127188821117     
   1.22771868238862        1.73063938010312        1.33458007429307     
 -0.514954605200771       0.830617141469812       0.651401403274740     
  0.920072043776092        1.31413192564319        1.22156207559935     
  0.520480877077969      -0.919893290046765      -0.497479358244559     
  0.886868100136985        1.36893458504079        1.07157053791291     
 -0.476234461727281       0.843333266008705       0.224673652862629     
  -1.62323578483481       -1.10915276869663       -1.53645136299656     
  0.713596456977648        1.22190452702290       0.440567790920294     
   1.04381133804234        1.49803266605621       0.972318633978265     
 -8.334770121929995E-002  0.520470321891652      -0.310338998102104     
  0.888801333905372      -0.107922575714139        1.17115114759471     
   1.60355077268748        1.04997995564471       0.659821109995281     
   1.23859229597290       9.505825570040448E-002  0.760309569945577     
  0.507771183508444       0.509159976116136        1.14904854748820     
  0.675068198178647      -0.560478930092961       0.356612144668398     
 -0.339250387888405       -1.05061693800416      -0.861349570082924     
  -1.22884112423619      -9.919850449522284E-002
  -1.84201423613828      -0.844903628931215       3.664316922485546E-002
 -0.666484560319789       0.237438217462363       0.720588318964104     
 -0.339249986336627       0.780881267582009        1.11621218837022     
 -0.199580910158940        1.11056687071656        1.38220019990467     
  0.372125600175607        1.00667357827546        1.33411520595925     
  0.500350787091390       0.758327401736729        1.23426151824779     
  0.647057384464263       0.643609483959299        1.42085466546425     
   1.25596982564658       -1.23253486573903        1.34145569729853     
   1.47091804073833       0.788412848402082       0.100606410098828     
  0.933864746526699       0.939581045131432       0.613000041012971     
 -0.650729455009575       0.154474925172311       0.605212579217402     
  0.535573708667511       0.377156970106349      -3.163213371655028E-002
 -3.911638814929930E-002   1.10137524567815        1.21721246317886     
  0.339996034309838       0.341177704196543       0.745304843309255     
  0.742221905757774       0.968272342614203       0.810596473155217     
  3.736159490642067E-002   1.26701965419459       0.770934452433719     
  0.756869183600337       0.936554650177857       0.573211936439763     
   1.39036948116203       0.475491586838339       0.771402706944914     
  0.388358464524485       0.181399649910306       -1.90939259264248     
   1.12057181460924       0.907285485727349       0.299580193906813     
  0.564931044671193       0.712680249058067        1.14498419500624     
 -0.459508688022708        1.16026467183460      -0.459509119130075     
   1.14498427134353       0.712680318300615       0.564930997872520     
  0.299580108535430       0.907285512658548        1.12057178332724     
  -1.90939497269730       0.181399815125537       0.388358419656166     
  0.771402648308173       0.475491820292199        1.39036958047237     
  0.573212030906252       0.936554739369445       0.756869350776059     
  0.770934382786001        1.26701967389019       3.736172830638789E-002
  0.810596409109298       0.968272228812891       0.742221678349315     
  0.745304644322699       0.341177534066854       0.339996176296653     
   1.21721254966934        1.10137533136939      -3.911648901068752E-002
 -3.163161868822527E-002  0.377157291687416       0.535573818204739     
  0.605212597782813       0.154475052878669      -0.650730169103063     
  0.612999838289553       0.939580910377582       0.933864632600227     
  0.100606234096868       0.788412885707733        1.47091807939498     
   1.34145580361120       -1.23253232785302        1.25596973968992     
   1.42085466941987       0.643609587204145       0.647057289766762     
   1.23426148778994       0.758327392722649       0.500350702102898     
   1.33411515146996        1.00667353956020       0.372125548413935     
   1.38220019659142        1.11056695819309      -0.199581533095958     
   1.11621212177171       0.780881354903594      -0.339250619740537     
  0.720588201235993       0.237438245543756      -0.666485086765041     
  3.664290197075198E-002 -0.844904096162408     
 -0.828053024226860      -0.241048954305845       0.152374076530636     
 -0.491116880904705      -0.110879543859320       0.237438243569384     
  -1.05061756117539       0.606486648506260      -9.604351574797759E-002
  0.810816396654214        1.24648587705846       0.526692508323883     
  0.332389343007474       0.369584297584286      -0.135957317629811     
  0.237679370926646       0.271408251499025        1.09145948911299     
  0.737008394759694       -2.47588107798415       -1.49775586013939     
  0.597819531402040       0.444428716774681       0.623544258283861     
   1.53496213091610        1.52760492561884       0.460948119405099     
  0.942070492789086        1.31556034875203       0.833621905370414     
  -1.84016206083489       1.894747881269764E-002 -0.443870067697946     
  0.119208721257583       0.805466503935300       0.426366995085328     
  0.848280882098438        1.61369695433921        1.44791847287105     
 -0.326529189717700       0.751848238557050       0.797597869046391     
  0.953722529737018        1.43238757132107        1.50684609006644     
  0.670036069344932       0.514231261871809       0.693299422894292     
 -5.347921989672547E-003  0.789321443748611        1.51371503791028     
   1.52064197310851       0.684330948962157       -2.30370824899711     
  0.177603455459550      -6.536625771748691E-002   1.17194686725298     
   1.83778599107529        1.68294159172271       0.925092196058198     
   1.03765203695948        1.78013140894854        1.89817930341997     
   1.29782509763037       0.238888001614355        1.29782514408480     
   1.89817933090572        1.78013143100350        1.03765208030442     
  0.925092248153528        1.68294160022073        1.83778597478195     
   1.17194680048377      -6.536602494370318E-002  0.177603578418468     
  -2.30370500619966       0.684331121538244        1.52064203743049     
   1.51371505977091       0.789321382105142      -5.348151734259786E-003
  0.693299368181112       0.514231245260609       0.670036070645409     
   1.50684606697718        1.43238748739290       0.953722308807271     
  0.797597647515938       0.751848119431253      -0.326528819125241     
   1.44791856671303        1.61369704036060       0.848280932653617     
  0.426367231227647       0.805466684165237       0.119208796459212     
 -0.443870412618722       1.894735774098787E-002  -1.84016101733563     
  0.833621808512744        1.31556029058055       0.942070396779563     
  0.460948298910288        1.52760497633858        1.53496218522776     
  0.623544447718758       0.444428497227162       0.597819436143122     
  -1.49775606282691       -2.47588237985393       0.737008303827355     
   1.09145941260168       0.271408064746252       0.237679557784932     
 -0.135957149497242       0.369584380819783       0.332389560890187     
  0.526692450050058        1.24648596424788       0.810816612456857     
 -9.604372922633676E-002  0.606486805078959       -1.05061606684643     
  0.237438127502504      -0.110879294529979      -0.491117585397136     
  0.152373763345241      -0.241049242608051     
 -0.448914956681181      -0.612360672747395       -1.85028559599993     
 -0.843742518432452      -0.491116862461081      -0.666484525689093     
 -0.861349404527716       -1.66378299848622       0.367798308524382     
  0.682589884264451       -1.61906848270956        1.22585269082595     
   1.28746041821592      -1.720941320350420E-002   1.60233207881060     
   1.32366998230836       0.895246538141576        1.69390658620953     
  0.974985566097573        1.24679920665322        1.65006320855121     
  0.819135242594842       0.957053379076592        1.36333291531497     
  0.782596707566304      -0.433520160441553       0.334645040856479     
 -0.639718644553050       -1.45096726697433       0.384821739995935     
  0.703495842317193       -2.34864962729576       0.956119553620354     
  0.957630165335373       -2.74316254792446       0.566376702017229     
 -0.352816993662322      -0.670805472982172       0.220563934650775     
   1.00936672986853       0.252784247001340       0.889133290185442     
   1.24807408670299       0.506009098827010      -0.126066441576506     
  0.252179373796153      -7.387531049547293E-002 -0.173089640078749     
  -1.99381490594698       0.166858560038510      -0.174280216846402     
  0.515692295200930        1.02716598243479      -7.751408395520104E-002
  0.817608086414992       0.869406673389998       -1.60356726107861     
  0.418781447777078       -1.07330294529865       0.780765157129205     
  0.434629293191629      -0.158036819351070       0.312600002720827     
 -0.787332537944639       0.448045898054187      -0.787332673724664     
  0.312600017766766      -0.158036822517698       0.434629230966113     
  0.780765056179723       -1.07330379337961       0.418781506971299     
  -1.60356744449800       0.869406689369022       0.817608103547450     
 -7.751420678082982E-002   1.02716592785468       0.515692221060253     
 -0.174280214390574       0.166858485869386       -1.99381431780036     
 -0.173089685589563      -7.387539497701114E-002  0.252179343507338     
 -0.126066504358404       0.506009214923904        1.24807417186067     
  0.889133393771864       0.252784195817709        1.00936671943592     
  0.220563718480008      -0.670804548891106      -0.352817199940071     
  0.566376878739872       -2.74315180344210       0.957630120454952     
  0.956119604369844       -2.34865082674890       0.703495900606826     
  0.384821833983579       -1.45096720415722      -0.639718675793939     
  0.334645115646200      -0.433519805938603       0.782596629135510     
   1.36333290189779       0.957053418252108       0.819135147850465     
   1.65006318750315        1.24679925505118       0.974985394068377     
   1.69390650297369       0.895246387547824        1.32367002943766     
   1.60233207559871      -1.720972415930058E-002   1.28746051152037     
   1.22585271503678       -1.61907116349751       0.682590161606439     
  0.367798514445545       -1.66378341987571      -0.861349111076200     
 -0.666484787575036      -0.491117453722301      -0.843743603327520     
  -1.85028238435587      -0.612360176709327     
 -0.372405085501619       4.267961542397809E-002  0.181478185186707     
  -1.85028499596868       0.152374026926599       3.664317088506550E-002
  -1.22884199702251       0.121290988083718       6.118540987157211E-003
  -1.31736456807079       0.799598879549389        1.29613636563973     
   1.02809013312072       0.215278089393000        1.37359147836731     
   1.05608421830291       0.191325397047524        1.00511956815025     
  -1.43621661764589        1.23284304956584        1.46843369737743     
  0.916044542140566       0.375725026293183        1.44868292692978     
   1.59369375266434        1.16705277678475       -2.81557898971600     
  0.737473632850031       0.918765909675142       0.928506004759391     
  0.733010915511712       -2.23341323588083       0.997691498078516     
   1.15783185602680       0.281207451430681       0.227695358553522     
  0.814617469086317        1.12167079893721        1.38193852486337     
   1.18593219632938      -0.814353013246944        1.37403359297698     
   1.58660822017046        1.41611167097408        1.11654403127975     
  0.414335913737381       0.178528167461338       0.890992698988359     
  0.506596764707334       0.103846417200487        1.11809907581137     
   1.63869004923724        1.47133138653121       3.411471503603299E-002
  0.448692968678218       0.444643791114572       0.806857550308263     
   1.45570540961172        1.66231786020562        1.48171557002496     
   1.34417264374576        1.56794727927992        1.66353741775249     
   1.39111662239850        1.09297566585390        1.39111665318084     
   1.66353746291887        1.56794732951931        1.34417265377767     
   1.48171551940242        1.66231780400104        1.45570536699803     
  0.806857537188671       0.444643824693887       0.448693013827009     
  3.411464308840118E-002   1.47133138284702        1.63869006512117     
   1.11809913842461       0.103846632556659       0.506596817760716     
  0.890992637431524       0.178527858716671       0.414336119648073     
   1.11654404784917        1.41611163956961        1.58660819612755     
   1.37403358197757      -0.814353205279358        1.18593223154001     
   1.38193853903701        1.12167079382136       0.814617515891422     
  0.227695658029553       0.281207149983563        1.15783181818840     
  0.997691507577247       -2.23341515800916       0.733011075828129     
  0.928506090619876       0.918765865978656       0.737473491719682     
  -2.81557404446517        1.16705276168802        1.59369372807715     
   1.44868292194667       0.375725173800611       0.916044399031278     
   1.46843363797073        1.23284305681035       -1.43621849818397     
   1.00511943709695       0.191325178390031        1.05608425894351     
   1.37359148569284       0.215278015238673        1.02809017233526     
   1.29613634145865       0.799598695930559       -1.31736720399950     
  6.118937436370001E-003  0.121291176000782       -1.22884115428568     
  3.664295448365670E-002  0.152373884693194       -1.85028368898638     
  0.181478376327104       4.267982504992084E-002
  0.260821795817053       -1.04308447973912       4.267964236786871E-002
 -0.612360355668916      -0.241049191471231      -0.844903848008898     
 -9.919867912860107E-002 -0.425612820117340       2.098902003482152E-002
  0.316777594621625       -1.35370425246621       0.549925084857696     
  0.413260704781627      -0.907789757666907       0.680596958425781     
  0.620187187604527      -0.660870153223639       0.954154452836135     
  0.697575907642388       0.409183144035915        1.17181735964793     
  0.312442433025265       0.782542987269039       0.884934157630438     
  -1.89742754231041       0.374216274776899       -2.51585479774915     
  5.298351515157796E-002  -1.55149369180443       0.360985310176894     
 -0.165803693459432      -0.336470651621256       6.368110703266787E-002
 -0.474877507697729       -1.93434428879689      -0.932004561183400     
 -0.409179436730970       -1.44405538797039       -1.20115920225255     
 -0.568564745354273       0.266361708314940       -5.91286240173893     
  0.751128765699322       0.602726755924296       4.651835743707965E-002
  0.688453684022287       -1.84644838085105       0.443288442673169     
  -1.57025232471273       0.441964497488065       -1.60465052471719     
  0.444455786761026      -0.395229454374842       0.900662383425546     
  -1.66529394701490        1.09832228432856       0.449627560511266     
  0.959862167480895       0.758718917707611       0.906450989776154     
   1.13262939402702       0.403499728692905        1.21079400638314     
 -0.461207805772457        1.25755316671233      -0.461208347680907     
   1.21079414993893       0.403500092646453        1.13262933135831     
  0.906451057661388       0.758718788032865       0.959862142546491     
  0.449627420921123        1.09832217474411       -1.66529139721616     
  0.900662472197399      -0.395229407513763       0.444455935957130     
  -1.60464746110847       0.441964171445638       -1.57025421780011     
  0.443288323970288       -1.84645405585833       0.688453992549354     
  4.651848474100088E-002  0.602726985248268       0.751129001873369     
  -5.91308609133920       0.266361689077250      -0.568564982086062     
  -1.20115797508133       -1.44405740061509      -0.409180097229658     
 -0.932005786253623       -1.93434197019735      -0.474877580952939     
  6.368102473970259E-002 -0.336470260240684      -0.165804423388647     
  0.360985021194207       -1.55149300296915       5.298305301181067E-002
  -2.51584803400230       0.374216252737870       -1.89743068880330     
  0.884934296664027       0.782543046475163       0.312442559372696     
   1.17181745065370       0.409183317699525       0.697575847805285     
  0.954154423333428      -0.660870290440915       0.620187141781238     
  0.680596815843439      -0.907790906175514       0.413260942932315     
  0.549925300702067       -1.35370205450145       0.316777308427434     
  2.098873710975967E-002 -0.425612408594420      -9.919840572485324E-002
 -0.844904020853756      -0.241048921151682      -0.612360831998664     
  4.267965445941793E-002  -1.04308501059337     
